-- =============================================================
-- GENERATED FILE (MySQL delta from SSMS export)
-- Source export: D:\SSMS\scipt.sql
-- Baseline excludes rows already found in:
-- - server/database/03_seed_data_standard_fixed.mysql.bulk.nobom.sql
-- Insert mode: INSERT IGNORE INTO
-- =============================================================

USE `AISTHEA`;
SET NAMES utf8mb4;
SET FOREIGN_KEY_CHECKS = 0;

-- Users: 4 row(s)
INSERT IGNORE INTO `Users` (`UserId`, `Email`, `PasswordHash`, `FullName`, `Phone`, `AvatarUrl`, `GoogleId`, `Status`, `CreatedAt`, `UpdatedAt`) VALUES (1, 'customer.order@example.com', '$2b$10$LxFRAz.dv6Xnn6nm6DvGbemqbj8Jr7MJxGA22quJFmIXfdxuEJo96', 'Customer Order Demo', NULL, NULL, NULL, 'Active', '2026-03-13 08:19:07.723000', '2026-03-13 08:19:07.723000'),(2, 'admin.order@example.com', '$2b$10$LxFRAz.dv6Xnn6nm6DvGbemqbj8Jr7MJxGA22quJFmIXfdxuEJo96', 'Admin Order Demo', NULL, NULL, NULL, 'Active', '2026-03-13 08:19:07.736000', '2026-03-13 08:19:07.736000'),(7, 'kyttde180211ojt@gmail.com', '$2b$10$97sKHlFs6smUQTB9cNYZjuPq0PYW.MlxVFKrKgClljQ80KNaFNhE6', 'Ky', NULL, NULL, NULL, 'Active', '2026-03-19 07:45:35.946000', '2026-03-19 07:49:29.429000'),(8, 'tatuanky2014sv@gmail.com', '$2b$10$i3KXxpO1V00.zjjrQvtKCe1w5r0X9iRXZzMCATGdnfy5yKaVGPIO.', 'Tạ Tuấn Kỳ', NULL, NULL, NULL, 'Active', '2026-04-05 17:41:27.153000', '2026-04-05 17:53:45.761000');

-- Coupons: 2 row(s)
INSERT IGNORE INTO `Coupons` (`CouponId`, `Code`, `Type`, `Value`, `MaxDiscountAmount`, `MinOrderValue`, `StartDate`, `EndDate`, `UsageLimit`, `UsedCount`, `UsagePerUser`, `IsActive`, `CreatedAt`, `UpdatedAt`, `IsHidden`, `Source`, `VisibleInPublicList`) VALUES (1, 'SUMMER50', 'PERCENTAGE', 5, 50000, 500000, '2026-03-17 00:00:00', '2026-03-18 00:00:00', 100, 2, 5, 1, '2026-03-17 06:41:58.905000', '2026-03-17 08:32:34.157000', 0, NULL, 1),(2, 'RFB-4-BDW8AY', 'PERCENTAGE', 12, 80000, 800000, '2026-04-04 03:55:13.723000', '2026-04-18 03:55:13.723000', 1, 0, 1, 1, '2026-04-04 03:55:13.725000', '2026-04-04 03:55:13.725000', 1, 'REFUND_BENEFIT', 0);

-- Orders: 33 row(s)
INSERT IGNORE INTO `Orders` (`OrderId`, `UserId`, `OrderNumber`, `CustomerName`, `CustomerEmail`, `CustomerPhone`, `ShippingCity`, `ShippingDistrict`, `ShippingWard`, `ShippingAddressDetail`, `TotalAmount`, `DiscountAmount`, `CouponId`, `Status`, `PaymentMethod`, `Note`, `CreatedAt`, `UpdatedAt`, `ShippingFee`, `ShippingMethod`, `ShippingCityCode`) VALUES (1, 1, 'ORD-1773399413597-0885', 'Kiet', NULL, '0776959523', 'Tỉnh Quảng Ninh', 'Thành phố Cẩm Phả', 'Phường Cẩm Thành', '7 Hồ Giáo', 1277000, 0, NULL, 'Cancelled', 'COD', NULL, '2026-03-13 10:56:53.608000', '2026-03-13 10:57:16.590000', 0, 'STANDARD', NULL),(2, 1, 'ORD-1773569813244-8474', 'Kiet', NULL, '0776959523', 'Tỉnh Thái Nguyên', 'Thành phố Thái Nguyên', 'Phường Tân Lập', '7 Hồ Giáo', 1100000, 0, NULL, 'Pending', 'COD', NULL, '2026-03-15 10:16:53.255000', '2026-03-15 10:16:53.255000', 0, 'STANDARD', NULL),(3, 1, 'ORD-1773573587108-6226', 'Kiet', NULL, '0776959523', 'Tỉnh Phú Thọ', 'Huyện Thanh Sơn', 'Xã Đông Cửu', '7 Hồ Giáo', 2728000, 0, NULL, 'Pending', 'COD', NULL, '2026-03-15 11:19:47.117000', '2026-03-15 11:19:47.117000', 0, 'STANDARD', NULL),(4, 1, 'ORD-1773574159166-1065', 'Kiet', NULL, '0776959523', 'Tỉnh Hà Giang', 'Huyện Đồng Văn', 'Xã Má Lé', '7 Hồ Giáo', 1628000, 0, NULL, 'Pending', 'COD', NULL, '2026-03-15 11:29:19.172000', '2026-03-15 11:29:19.172000', 0, 'STANDARD', NULL),(5, 1, 'ORD-1773574443554-9404', 'Kiet', NULL, '0776959523', 'Tỉnh Hà Giang', 'Huyện Đồng Văn', 'Xã Má Lé', '7 Hồ Giáo', 168000, 0, NULL, 'Pending', 'COD', NULL, '2026-03-15 11:34:03.563000', '2026-03-15 11:34:03.563000', 0, 'STANDARD', NULL),(6, 1, 'ORD-1773578629187-4235', 'Kiet', 'tatuanky2014sv@gmail.com', '0776959523', 'Tỉnh Yên Bái', 'Thị xã Nghĩa Lộ', 'Phường Trung Tâm', '7 Hồ Giáo', 1628000, 0, NULL, 'Delivered', 'COD', NULL, '2026-03-15 12:43:49.197000', '2026-03-15 13:40:29.613000', 0, 'STANDARD', '15'),(7, 1, 'ORD-1773578647943-6752', 'Kiet', 'tatuanky2014sv@gmail.com', '0776959523', 'Tỉnh Yên Bái', 'Thị xã Nghĩa Lộ', 'Phường Trung Tâm', '7 Hồ Giáo', 159000, 0, NULL, 'Delivered', 'COD', NULL, '2026-03-15 12:44:07.946000', '2026-03-15 12:53:24.232000', 40000, 'STANDARD', '15'),(8, 1, 'ORD-1773638020229-8759', 'Kiet', 'tatuanky2014sv@gmail.com', '0776959523', 'Tỉnh Thái Nguyên', 'Thành phố Thái Nguyên', 'Phường Tân Lập', '7 Hồ Giáo', 181000, 0, NULL, 'Processing', 'COD', NULL, '2026-03-16 05:13:40.234000', '2026-03-16 06:10:37.377000', 40000, 'STANDARD', '19'),(9, 1, 'ORD-1773643892971-8473', 'Kiet', 'tatuanky2014sv@gmail.com', '0776959523', 'Tỉnh Bắc Giang', 'Huyện Yên Thế', 'Xã Hương Vĩ', '7 Hồ Giáo', 2041000, 0, NULL, 'Processing', 'COD', NULL, '2026-03-16 06:51:32.978000', '2026-03-16 06:52:05.605000', 0, 'STANDARD', '24'),(10, 1, 'ORD-1773648738845-0166', 'Kiet', 'tatuanky2014sv@gmail.com', '0776959523', 'Tỉnh Lạng Sơn', 'Huyện Cao Lộc', 'Xã Lộc Yên', '7 Hồ Giáo', 2041000, 0, NULL, 'Delivered', 'COD', NULL, '2026-03-16 08:12:18.856000', '2026-03-16 08:14:00.067000', 0, 'STANDARD', '20'),(11, 1, 'ORD-1773649069539-0941', 'Kiet', 'tatuanky2014sv@gmail.com', '0776959523', 'Tỉnh Lạng Sơn', 'Huyện Cao Lộc', 'Xã Lộc Yên', '7 Hồ Giáo', 2041000, 0, NULL, 'Delivered', 'COD', NULL, '2026-03-16 08:17:49.547000', '2026-03-16 08:19:27.848000', 0, 'STANDARD', '20'),(12, 1, 'ORD-1773651236225-5991', 'Kiet', 'tatuanky2014sv@gmail.com', '0776959523', 'Tỉnh Bắc Kạn', 'Huyện Ba Bể', 'Thị trấn Chợ Rã', '7 Hồ Giáo', 208000, 0, NULL, 'Pending', 'COD', NULL, '2026-03-16 08:53:56.229000', '2026-03-16 08:53:56.229000', 40000, 'STANDARD', '6'),(13, 1, 'ORD-1773651278547-8714', 'Kiet', 'tatuanky2014sv@gmail.com', '0776959523', 'Tỉnh Bắc Kạn', 'Huyện Ba Bể', 'Thị trấn Chợ Rã', '7 Hồ Giáo', 208000, 0, NULL, 'Shipping', 'COD', NULL, '2026-03-16 08:54:38.554000', '2026-03-16 08:55:32.317000', 40000, 'STANDARD', '6'),(14, 1, 'ORD-1773651646601-1075', 'Kiet', 'tatuanky2014sv@gmail.com', '0776959523', 'Tỉnh Bắc Kạn', 'Huyện Ba Bể', 'Thị trấn Chợ Rã', '7 Hồ Giáo', 208000, 0, NULL, 'Delivered', 'VNPAY', NULL, '2026-03-16 09:00:46.605000', '2026-03-16 10:51:50.817000', 40000, 'STANDARD', '6'),(15, 1, 'ORD-1773652584542-9064', 'Kiet', 'tatuanky2014sv@gmail.com', '0776959523', 'Tỉnh Bắc Kạn', 'Huyện Ba Bể', 'Thị trấn Chợ Rã', '7 Hồ Giáo', 208000, 0, NULL, 'Delivered', 'COD', NULL, '2026-03-16 09:16:24.546000', '2026-03-16 09:17:44.886000', 40000, 'STANDARD', '6'),(16, 1, 'ORD-1773653132341-0336', 'Kiet', 'tatuanky2014sv@gmail.com', '0776959523', 'Tỉnh Bắc Kạn', 'Huyện Ba Bể', 'Thị trấn Chợ Rã', '7 Hồ Giáo', 326000, 0, NULL, 'Delivered', 'COD', NULL, '2026-03-16 09:25:32.346000', '2026-03-16 09:28:12.773000', 40000, 'STANDARD', '6'),(17, 1, 'ORD-1773653610647-1557', 'Kiet', 'tatuanky2014sv@gmail.com', '0776959523', 'Tỉnh Bắc Kạn', 'Huyện Ba Bể', 'Thị trấn Chợ Rã', '7 Hồ Giáo', 326000, 0, NULL, 'Delivered', 'COD', NULL, '2026-03-16 09:33:30.656000', '2026-03-16 09:33:44.019000', 40000, 'STANDARD', '6'),(18, 1, 'ORD-1773654231810-5848', 'Kiet', 'tatuanky2014sv@gmail.com', '0776959523', 'Tỉnh Bắc Kạn', 'Huyện Ba Bể', 'Thị trấn Chợ Rã', '7 Hồ Giáo', 208000, 0, NULL, 'Delivered', 'COD', NULL, '2026-03-16 09:43:51.814000', '2026-03-16 10:35:41.763000', 40000, 'STANDARD', '6'),(19, 1, 'ORD-1773658377369-8025', 'Kiet', 'tatuanky2014sv@gmail.com', '0776959523', 'Tỉnh Quảng Ninh', 'Thành phố Hạ Long', 'Phường Trần Hưng Đạo', '7 Hồ Giáo', 326000, 0, NULL, 'Shipping', 'VNPAY', NULL, '2026-03-16 10:52:57.373000', '2026-03-17 05:10:15.448000', 40000, 'STANDARD', '22'),(20, 1, 'ORD-1773729755618-8972', 'Kiet', 'tatuanky2014sv@gmail.com', '0776959523', 'Tỉnh Cao Bằng', 'Huyện Bảo Lạc', 'Xã Cô Ba', '7 Hồ Giáo', 1050000, 50000, 1, 'Pending', 'COD', NULL, '2026-03-17 06:42:35.643000', '2026-03-17 06:42:35.643000', 0, 'STANDARD', '4'),(21, 1, 'ORD-1773735342976-5840', 'Kiet', 'tatuanky2014sv@gmail.com', '0776959523', 'Tỉnh Cao Bằng', 'Huyện Bảo Lạc', 'Xã Cô Ba', '7 Hồ Giáo', 339000, 0, NULL, 'Processing', 'COD', NULL, '2026-03-17 08:15:42.980000', '2026-04-01 18:46:41.634000', 40000, 'STANDARD', '4'),(22, 1, 'ORD-1773736354113-0707', 'Kiet', 'tatuanky2014sv@gmail.com', '0776959523', 'Tỉnh Cao Bằng', 'Huyện Bảo Lạc', 'Xã Cô Ba', '7 Hồ Giáo', 492100, 25900, 1, 'Delivered', 'VNPAY', NULL, '2026-03-17 08:32:34.120000', '2026-03-17 08:39:20.526000', 0, 'STANDARD', '4'),(23, 1, 'ORD-1773736990527-1634', 'Kiet', 'tatuanky2014sv@gmail.com', '0776959523', 'Tỉnh Cao Bằng', 'Huyện Bảo Lạc', 'Xã Cô Ba', '7 Hồ Giáo', 12680000, 0, NULL, 'Shipping', 'COD', NULL, '2026-03-17 08:43:10.531000', '2026-03-17 08:44:00.173000', 0, 'STANDARD', '4'),(24, 1, 'ORD-1773845433342-6174', 'Kiet', 'tatuanky2014sv@gmail.com', '0776959523', 'Tỉnh Hoà Bình', 'Huyện Đà Bắc', 'Xã Đồng Ruộng', '7 Hồ Giáo', 508000, 0, NULL, 'Shipping', 'VNPAY', NULL, '2026-03-18 14:50:33.348000', '2026-03-18 14:52:35.990000', 40000, 'STANDARD', '17'),(25, 1, 'ORD-1773932303272-5341', 'Kiet', 'tatuanky2014sv@gmail.com', '0776959523', 'Tỉnh Yên Bái', 'Huyện Văn Yên', 'Xã Mậu Đông', '7 Hồ Giáo', 208000, 0, NULL, 'Delivered', 'VNPAY', NULL, '2026-03-19 14:58:23.282000', '2026-03-19 15:01:55.380000', 40000, 'STANDARD', '15'),(26, 1, 'ORD-1774448772215-0469', 'Customer Order Demo', 'customer.order@example.com', '0776959523', 'Tỉnh Quảng Ngãi', 'Huyện Tư Nghĩa', 'Thị trấn Sông Vệ', '7 Hồ Giáo', 775000, 0, NULL, 'Shipping', 'COD', NULL, '2026-03-25 14:26:12.222000', '2026-03-25 14:27:21.529000', 0, 'STANDARD', '51'),(27, 1, 'ORD-1774940150665-6985', 'Customer Order Demo', 'customer.order@example.com', '0776959523', 'Tỉnh Quảng Ngãi', 'Huyện Tư Nghĩa', 'Thị trấn Sông Vệ', '7 Hồ Giáo', 2041000, 0, NULL, 'Delivered', 'COD', NULL, '2026-03-31 06:55:50.674000', '2026-03-31 06:56:41.765000', 0, 'STANDARD', '51'),(28, 1, 'ORD-1775031144301-4081', 'Customer Order Demo', 'customer.order@example.com', '0776959523', 'Tỉnh Quảng Ngãi', 'Huyện Tư Nghĩa', 'Thị trấn Sông Vệ', '7 Hồ Giáo', 193000, 0, NULL, 'Delivered', 'COD', NULL, '2026-04-01 08:12:24.316000', '2026-04-01 08:13:32.147000', 25000, 'STANDARD', '51'),(29, 1, 'ORD-1775034133403-7535', 'Customer Order Demo', 'customer.order@example.com', '0776959523', 'Tỉnh Quảng Ngãi', 'Huyện Tư Nghĩa', 'Thị trấn Sông Vệ', '7 Hồ Giáo', 443000, 0, NULL, 'Delivered', 'COD', NULL, '2026-04-01 09:02:13.414000', '2026-04-01 09:04:37.488000', 25000, 'STANDARD', '51'),(30, 1, 'ORD-1775047485352-0010', 'Customer Order Demo', 'customer.order@example.com', '0776959523', 'Tỉnh Quảng Ngãi', 'Huyện Tư Nghĩa', 'Thị trấn Sông Vệ', '7 Hồ Giáo', 1488000, 0, NULL, 'Cancelled', 'VNPAY', NULL, '2026-04-01 12:44:45.356000', '2026-04-01 12:53:54.674000', 0, 'STANDARD', '51'),(31, 1, 'ORD-1775047514770-9177', 'Customer Order Demo', 'customer.order@example.com', '0776959523', 'Tỉnh Quảng Ngãi', 'Huyện Tư Nghĩa', 'Thị trấn Sông Vệ', '7 Hồ Giáo', 431000, 0, NULL, 'Cancelled', 'VNPAY', NULL, '2026-04-01 12:45:14.773000', '2026-04-01 12:53:58.146000', 25000, 'STANDARD', '51'),(32, 1, 'ORD-1775048080740-8310', 'Customer Order Demo', 'customer.order@example.com', '0776959523', 'Tỉnh Quảng Ngãi', 'Huyện Tư Nghĩa', 'Thị trấn Sông Vệ', '7 Hồ Giáo', 1492000, 0, NULL, 'Cancelled', 'VNPAY', NULL, '2026-04-01 12:54:40.744000', '2026-04-01 18:25:10.288000', 0, 'STANDARD', '51'),(33, 1, 'ORD-1775070396546-2410', 'Customer Order Demo', 'customer.order@example.com', '0776959523', 'Tỉnh Quảng Ngãi', 'Huyện Tư Nghĩa', 'Thị trấn Sông Vệ', '7 Hồ Giáo', 957000, 0, NULL, 'Cancelled', 'VNPAY', NULL, '2026-04-01 19:06:36.561000', '2026-04-01 19:26:21.315000', 0, 'STANDARD', '51');

-- Payments: 11 row(s)
INSERT IGNORE INTO `Payments` (`PaymentId`, `OrderId`, `PaymentMethod`, `Amount`, `TransactionCode`, `Status`, `PaymentDate`, `Note`) VALUES (1, 14, 'VNPAY', 208000, NULL, 'PENDING', '2026-03-16 09:00:46.683000', 'Awaiting VNPay confirmation'),(2, 19, 'VNPAY', 326000, '15453002', 'COMPLETED', '2026-03-16 10:52:57.414000', 'Confirmed from VNPay return fallback'),(3, 22, 'VNPAY', 492100, '15454368', 'COMPLETED', '2026-03-17 08:32:34.167000', 'Confirmed from VNPay return fallback'),(4, 24, 'VNPAY', 508000, '15456749', 'COMPLETED', '2026-03-18 14:50:33.423000', 'Confirmed from VNPay return fallback'),(5, 25, 'VNPAY', 208000, '15458845', 'COMPLETED', '2026-03-19 14:58:23.339000', 'Confirmed from VNPay return fallback'),(6, 28, 'COD', 193000, NULL, 'COMPLETED', '2026-04-01 08:13:32.187000', 'Quản trị viên đã xác nhận giao hàng. Thanh toán COD được đánh dấu là đã thu.'),(7, 29, 'COD', 443000, NULL, 'COMPLETED', '2026-04-01 09:04:37.525000', 'Quản trị viên đã xác nhận giao hàng. Thanh toán COD được đánh dấu là đã thu.'),(8, 30, 'VNPAY', 1488000, NULL, 'PENDING', '2026-04-01 12:44:45.421000', 'Awaiting VNPay reconciliation'),(9, 31, 'VNPAY', 431000, NULL, 'PENDING', '2026-04-01 12:45:14.823000', 'Awaiting VNPay reconciliation'),(10, 32, 'VNPAY', 1492000, '15478692', 'REFUNDED', '2026-04-01 12:54:40.784000', 'Confirmed from VNPay return fallback'),(11, 33, 'VNPAY', 957000, '15479056', 'COMPLETED', '2026-04-01 19:06:36.692000', 'Confirmed from VNPay return fallback');

-- ReturnRequests: 4 row(s)
INSERT IGNORE INTO `ReturnRequests` (`ReturnRequestId`, `OrderId`, `UserId`, `Reason`, `Note`, `DeliveredAt`, `TotalRefundAmount`, `Status`, `CreatedAt`, `UpdatedAt`, `RefundStatus`, `FinanceNote`, `BankInfoRequestedAt`, `BankInfoSubmittedAt`, `RefundCompletedAt`) VALUES (1, 27, 1, 'CHANGED_MIND', NULL, '2026-03-31 06:56:41.769000', 2041000, 'REJECTED', '2026-03-31 07:10:51.011000', '2026-03-31 08:51:42.336000', 'NOT_APPLICABLE', NULL, NULL, NULL, NULL),(2, 28, 1, 'WRONG_ITEM', NULL, '2026-04-01 08:13:32.151000', 168000, 'CLOSED', '2026-04-01 08:14:43.895000', '2026-04-01 09:01:21.622000', 'REFUNDED', NULL, NULL, NULL, NULL),(3, 29, 1, 'SIZE_ISSUE', NULL, '2026-04-01 09:04:37.493000', 418000, 'CLOSED', '2026-04-01 09:05:20.040000', '2026-04-01 11:54:24.636000', 'REFUNDED', NULL, NULL, NULL, NULL),(4, 33, 1, 'PRE_DELIVERY_CANCELLATION', 'Khách hàng hủy đơn và yêu cầu hoàn tiền trước khi xử lý. Lý do: Mua nhầm.', NULL, 957000, 'CLOSED', '2026-04-01 19:26:21.353000', '2026-04-04 03:55:13.674000', 'REFUNDED', 'Không hoàn tự động được', NULL, '2026-04-03 20:03:29.525000', '2026-04-04 03:55:13.674000');

-- RefundBenefits: 1 row(s)
INSERT IGNORE INTO `RefundBenefits` (`RefundBenefitId`, `ReturnRequestId`, `OrderId`, `UserId`, `BenefitType`, `PercentValue`, `MaxDiscountAmount`, `MinOrderValue`, `CouponId`, `Status`, `ValidFrom`, `ValidUntil`, `IssuedAt`, `UsedAt`, `RuleVersion`, `Source`, `MetadataJson`) VALUES (1, 4, 33, 1, 'PERCENTAGE', 12, 80000, 800000, 2, 'ACTIVE', '2026-04-04 03:55:13.723000', '2026-04-18 03:55:13.723000', '2026-04-04 03:55:13.723000', NULL, 'refund-benefit-v2', 'REFUND', '{"refundAmount":957000,"shippingFee":0,"couponType":"PERCENTAGE"}');

-- OrderItems: 34 row(s)
INSERT IGNORE INTO `OrderItems` (`OrderItemId`, `OrderId`, `VariantId`, `ProductName`, `SKU`, `VariantName`, `UnitPrice`, `Quantity`, `GrossItemAmount`, `AllocatedDiscountAmount`, `NetItemPaidAmount`) VALUES (1, 1, NULL, 'Áo blazer Minimal', 'SKU-15-170', 'S / Đen', 1277000, 1, 1277000, 0, 1277000),(2, 2, NULL, 'Áo bomber Vintage', 'SKU-33-364', 'Trắng / S', 1100000, 1, 1100000, 0, 1100000),(3, 3, NULL, 'Áo bomber Vintage', 'SKU-33-364', 'Trắng / S', 1100000, 1, 1100000, 0, 1100000),(4, 3, NULL, 'Giày boot Vintage', 'SKU-59-658', 'Trắng / 36', 1628000, 1, 1628000, 0, 1628000),(5, 4, NULL, 'Giày boot Vintage', 'SKU-59-658', 'Trắng / 36', 1628000, 1, 1628000, 0, 1628000),(6, 5, NULL, 'Áo polo Sporty', 'SKU-96-1048', 'Trắng / S', 168000, 1, 168000, 0, 168000),(7, 6, NULL, 'Giày boot Vintage', 'SKU-59-658', 'Trắng / 36', 1628000, 1, 1628000, 0, 1628000),(8, 7, NULL, 'Thắt lưng Formal', 'SKU-79-868', 'Trắng / Freesize', 119000, 1, 119000, 0, 119000),(9, 8, NULL, 'Thắt lưng Formal', 'SKU-79-870', 'Freesize / Xám', 141000, 1, 141000, 0, 141000),(10, 9, 895, 'Áo hoodie Vintage', 'SKU-82-895', 'Trắng / S', 2041000, 1, 2041000, 0, 2041000),(11, 10, 895, 'Áo hoodie Vintage', 'SKU-82-895', 'Trắng / S', 2041000, 1, 2041000, 0, 2041000),(12, 11, 895, 'Áo hoodie Vintage', 'SKU-82-895', 'Trắng / S', 2041000, 1, 2041000, 0, 2041000),(13, 12, 1048, 'Áo polo Sporty', 'SKU-96-1048', 'Trắng / S', 168000, 1, 168000, 0, 168000),(14, 13, 1048, 'Áo polo Sporty', 'SKU-96-1048', 'Trắng / S', 168000, 1, 168000, 0, 168000),(15, 14, 1048, 'Áo polo Sporty', 'SKU-96-1048', 'Trắng / S', 168000, 1, 168000, 0, 168000),(16, 15, 1048, 'Áo polo Sporty', 'SKU-96-1048', 'Trắng / S', 168000, 1, 168000, 0, 168000),(17, 16, 28, 'Áo sweater Streetwear', 'SKU-4-28', 'Trắng / S', 286000, 1, 286000, 0, 286000),(18, 17, 28, 'Áo sweater Streetwear', 'SKU-4-28', 'Trắng / S', 286000, 1, 286000, 0, 286000),(19, 18, 1048, 'Áo polo Sporty', 'SKU-96-1048', 'Trắng / S', 168000, 1, 168000, 0, 168000),(20, 19, 28, 'Áo sweater Streetwear', 'SKU-4-28', 'Trắng / S', 286000, 1, 286000, 0, 286000),(21, 20, 364, 'Áo bomber Vintage', 'SKU-33-364', 'Trắng / S', 1100000, 1, 1100000, 50000, 1050000),(22, 21, 541, 'Áo sơ mi Sporty', 'SKU-47-541', 'Trắng / S', 299000, 1, 299000, 0, 299000),(23, 22, 40, 'Quần short nữ Streetwear', 'SKU-5-40', 'S / Đen', 259000, 2, 518000, 25900, 492100),(24, 23, 1012, 'Áo blouse Vintage', 'SKU-93-1012', 'Trắng / S', 317000, 40, 12680000, 0, 12680000),(25, 24, 211, 'Áo tank top Vintage', 'SKU-19-211', 'Trắng / S', 468000, 1, 468000, 0, 468000),(26, 25, 1048, 'Áo polo Sporty', 'SKU-96-1048', 'Trắng / S', 168000, 1, 168000, 0, 168000),(27, 26, 340, 'Áo blouse Casual', 'SKU-31-340', 'Trắng / S', 775000, 1, 775000, 0, 775000),(28, 27, 895, 'Áo hoodie Vintage', 'SKU-82-895', 'Trắng / S', 2041000, 1, 2041000, 0, 2041000),(29, 28, 1048, 'Áo polo Sporty', 'SKU-96-1048', 'Trắng / S', 168000, 1, 168000, 0, 168000),(30, 29, 742, 'Quần kaki Streetwear', 'SKU-66-742', 'S / Đen', 418000, 1, 418000, 0, 418000),(31, 30, 386, 'Sandal Vintage', 'SKU-34-386', 'Đen / 39', 1488000, 1, 1488000, 0, 1488000),(32, 31, 757, 'Quần short Sporty', 'SKU-68-757', 'S / Đen', 406000, 1, 406000, 0, 406000),(33, 32, 463, 'Sandal Vintage', 'SKU-42-463', 'Trắng / 36', 1492000, 1, 1492000, 0, 1492000),(34, 33, 484, 'Giày lười Minimal', 'SKU-43-484', 'Trắng / 36', 957000, 1, 957000, 0, 957000);

-- OrderStatusHistory: 95 row(s)
INSERT IGNORE INTO `OrderStatusHistory` (`OrderStatusHistoryId`, `OrderId`, `OldStatus`, `Status`, `ChangedBy`, `Note`, `ChangedAt`) VALUES (1, 1, NULL, 'Pending', 1, 'Order placed', '2026-03-13 10:56:53.634000'),(2, 1, 'Pending', 'Cancelled', 1, NULL, '2026-03-13 10:57:16.596000'),(3, 2, NULL, 'Pending', 1, 'Order placed', '2026-03-15 10:16:53.302000'),(4, 3, NULL, 'Pending', 1, 'Order placed', '2026-03-15 11:19:47.173000'),(5, 4, NULL, 'Pending', 1, 'Order placed', '2026-03-15 11:29:19.202000'),(6, 5, NULL, 'Pending', 1, 'Order placed', '2026-03-15 11:34:03.604000'),(7, 6, NULL, 'Pending', 1, 'Order placed', '2026-03-15 12:43:49.234000'),(8, 7, NULL, 'Pending', 1, 'Order placed', '2026-03-15 12:44:07.966000'),(9, 7, 'Pending', 'Processing', 2, NULL, '2026-03-15 12:52:57.300000'),(10, 7, 'Processing', 'Shipping', 2, NULL, '2026-03-15 12:53:13.408000'),(11, 7, 'Shipping', 'Delivered', 2, NULL, '2026-03-15 12:53:24.233000'),(12, 6, 'Pending', 'Processing', 2, NULL, '2026-03-15 13:40:01.378000'),(13, 6, 'Processing', 'Shipping', 2, NULL, '2026-03-15 13:40:26.601000'),(14, 6, 'Shipping', 'Delivered', 2, NULL, '2026-03-15 13:40:29.619000'),(15, 8, NULL, 'Pending', 1, 'Order placed', '2026-03-16 05:13:40.295000'),(16, 8, 'Pending', 'Processing', 2, NULL, '2026-03-16 06:10:37.382000'),(17, 9, NULL, 'Pending', 1, 'Order placed', '2026-03-16 06:51:33.016000'),(18, 9, 'Pending', 'Processing', 2, NULL, '2026-03-16 06:52:05.608000'),(19, 10, NULL, 'Pending', 1, 'Order placed', '2026-03-16 08:12:18.906000'),(20, 10, 'Pending', 'Processing', 2, NULL, '2026-03-16 08:12:43.018000'),(21, 10, 'Processing', 'Shipping', 2, NULL, '2026-03-16 08:12:50.344000'),(22, 10, 'Shipping', 'Delivered', 1, 'Khách hàng xác nhận đã nhận hàng', '2026-03-16 08:14:00.071000'),(23, 11, NULL, 'Pending', 1, 'Order placed', '2026-03-16 08:17:49.586000'),(24, 11, 'Pending', 'Processing', 2, NULL, '2026-03-16 08:18:33.649000'),(25, 11, 'Processing', 'Shipping', 2, NULL, '2026-03-16 08:18:40.949000'),(26, 11, 'Shipping', 'Delivered', 2, NULL, '2026-03-16 08:19:27.853000'),(27, 12, NULL, 'Pending', 1, 'Order placed', '2026-03-16 08:53:56.282000'),(28, 13, NULL, 'Pending', 1, 'Order placed', '2026-03-16 08:54:38.592000'),(29, 13, 'Pending', 'Processing', 2, NULL, '2026-03-16 08:55:03.860000'),(30, 13, 'Processing', 'Shipping', 2, NULL, '2026-03-16 08:55:32.321000'),(31, 14, NULL, 'Pending', 1, 'Order placed', '2026-03-16 09:00:46.670000'),(32, 15, NULL, 'Pending', 1, 'Order placed', '2026-03-16 09:16:24.601000'),(33, 15, 'Pending', 'Processing', 2, NULL, '2026-03-16 09:16:47.456000'),(34, 15, 'Processing', 'Shipping', 2, NULL, '2026-03-16 09:17:03.819000'),(35, 15, 'Shipping', 'Delivered', 1, 'Khách hàng xác nhận đã nhận hàng', '2026-03-16 09:17:44.894000'),(36, 16, NULL, 'Pending', 1, 'Order placed', '2026-03-16 09:25:32.395000'),(37, 16, 'Pending', 'Processing', 2, NULL, '2026-03-16 09:26:11.110000'),(38, 16, 'Processing', 'Shipping', 2, NULL, '2026-03-16 09:27:48.171000'),(39, 16, 'Shipping', 'Delivered', 1, 'Khách hàng xác nhận đã nhận hàng', '2026-03-16 09:28:12.780000'),(40, 17, NULL, 'Pending', 1, 'Order placed', '2026-03-16 09:33:30.714000'),(41, 17, 'Pending', 'Processing', 2, NULL, '2026-03-16 09:33:41.466000'),(42, 17, 'Processing', 'Shipping', 2, NULL, '2026-03-16 09:33:42.512000'),(43, 17, 'Shipping', 'Delivered', 2, NULL, '2026-03-16 09:33:44.020000'),(44, 18, NULL, 'Pending', 1, 'Order placed', '2026-03-16 09:43:51.862000'),(45, 18, 'Pending', 'Processing', 2, NULL, '2026-03-16 09:44:09.602000'),(46, 18, 'Processing', 'Shipping', 2, NULL, '2026-03-16 09:44:10.986000'),(53, 18, 'Shipping', 'Delivered', 2, NULL, '2026-03-16 10:35:41.765000'),(54, 14, 'Pending', 'Processing', 2, NULL, '2026-03-16 10:41:51.668000'),(55, 14, 'Processing', 'Shipping', 2, NULL, '2026-03-16 10:41:54.155000'),(56, 14, 'Shipping', 'Delivered', 2, NULL, '2026-03-16 10:51:50.820000'),(57, 19, NULL, 'Pending', 1, 'Order placed', '2026-03-16 10:52:57.411000'),(58, 19, 'Pending', 'Processing', 2, NULL, '2026-03-16 10:58:33.596000'),(59, 19, 'Processing', 'Shipping', 2, NULL, '2026-03-17 05:10:15.454000'),(60, 20, NULL, 'Pending', 1, 'Order placed', '2026-03-17 06:42:35.695000'),(61, 21, NULL, 'Pending', 1, 'Order placed', '2026-03-17 08:15:43.019000'),(62, 22, NULL, 'Pending', 1, 'Order placed', '2026-03-17 08:32:34.160000'),(63, 22, 'Pending', 'Processing', 2, NULL, '2026-03-17 08:36:30.429000'),(64, 22, 'Processing', 'Shipping', 2, NULL, '2026-03-17 08:36:58.521000'),(65, 22, 'Shipping', 'Delivered', 2, NULL, '2026-03-17 08:39:20.530000'),(66, 23, NULL, 'Pending', 1, 'Order placed', '2026-03-17 08:43:10.604000'),(67, 23, 'Pending', 'Processing', 2, NULL, '2026-03-17 08:43:58.290000'),(68, 23, 'Processing', 'Shipping', 2, NULL, '2026-03-17 08:44:00.174000'),(69, 24, NULL, 'Pending', 1, 'Order placed', '2026-03-18 14:50:33.414000'),(70, 24, 'Pending', 'Processing', 2, NULL, '2026-03-18 14:52:33.961000'),(71, 24, 'Processing', 'Shipping', 2, NULL, '2026-03-18 14:52:35.991000'),(72, 25, NULL, 'Pending', 1, 'Order placed', '2026-03-19 14:58:23.332000'),(73, 25, 'Pending', 'Processing', 2, NULL, '2026-03-19 14:59:59.930000'),(74, 25, 'Processing', 'Shipping', 2, NULL, '2026-03-19 15:00:24.005000'),(75, 25, 'Shipping', 'Delivered', 2, NULL, '2026-03-19 15:01:55.383000'),(76, 26, NULL, 'Pending', 1, 'Order placed', '2026-03-25 14:26:12.287000'),(77, 26, 'Pending', 'Processing', 2, NULL, '2026-03-25 14:27:18.339000'),(78, 26, 'Processing', 'Shipping', 2, NULL, '2026-03-25 14:27:21.530000'),(79, 27, NULL, 'Pending', 1, 'Order placed', '2026-03-31 06:55:50.740000'),(80, 27, 'Pending', 'Processing', 2, NULL, '2026-03-31 06:56:01.478000'),(81, 27, 'Processing', 'Shipping', 2, NULL, '2026-03-31 06:56:02.355000'),(82, 27, 'Shipping', 'Delivered', 2, NULL, '2026-03-31 06:56:41.769000'),(83, 28, NULL, 'Pending', 1, 'Order placed', '2026-04-01 08:12:24.403000'),(84, 28, 'Pending', 'Processing', 2, NULL, '2026-04-01 08:13:18.205000'),(85, 28, 'Processing', 'Shipping', 2, NULL, '2026-04-01 08:13:19.204000'),(86, 28, 'Shipping', 'Delivered', 2, NULL, '2026-04-01 08:13:32.151000'),(87, 29, NULL, 'Pending', 1, 'Order placed', '2026-04-01 09:02:13.475000'),(88, 29, 'Pending', 'Processing', 2, NULL, '2026-04-01 09:02:35.706000'),(89, 29, 'Processing', 'Shipping', 2, NULL, '2026-04-01 09:02:37.783000'),(90, 29, 'Shipping', 'Delivered', 2, NULL, '2026-04-01 09:04:37.493000'),(91, 30, NULL, 'Pending', 1, 'Order placed', '2026-04-01 12:44:45.410000'),(92, 31, NULL, 'Pending', 1, 'Order placed', '2026-04-01 12:45:14.814000'),(93, 30, 'Pending', 'Cancelled', 1, NULL, '2026-04-01 12:53:54.684000'),(94, 31, 'Pending', 'Cancelled', 1, NULL, '2026-04-01 12:53:58.150000'),(95, 32, NULL, 'Pending', 1, 'Order placed', '2026-04-01 12:54:40.774000'),(96, 32, 'Pending', 'Processing', 2, NULL, '2026-04-01 13:39:08.393000'),(97, 32, 'Processing', 'Cancelled', 1, 'Order cancelled and refunded by customer request', '2026-04-01 18:25:10.306000'),(98, 21, 'Pending', 'Processing', 2, NULL, '2026-04-01 18:46:41.637000'),(99, 33, NULL, 'Pending', 1, 'Order placed', '2026-04-01 19:06:36.673000'),(100, 33, 'Pending', 'Processing', 2, NULL, '2026-04-01 19:20:45.808000'),(101, 33, 'Processing', 'Cancelled', 1, 'Khách hàng hủy đơn và yêu cầu hoàn tiền trước khi xử lý. Lý do: Mua nhầm.', '2026-04-01 19:26:21.393000');

-- Shipments: 9 row(s)
INSERT IGNORE INTO `Shipments` (`ShipmentId`, `OrderId`, `Carrier`, `TrackingNumber`, `Eta`, `LastKnownLocation`, `CreatedAt`, `UpdatedAt`, `ShippingMode`, `Provider`, `ProviderOrderCode`, `ProviderStatus`, `DeliveryProofImages`, `DeliveryProofReviewed`) VALUES (1, 7, 'J&T Express', NULL, NULL, NULL, '2026-03-15 12:53:13.419000', '2026-03-15 12:53:13.419000', 'manual', NULL, NULL, NULL, '[]', 0),(2, 11, 'Giao Hàng Nhanh', NULL, NULL, NULL, '2026-03-16 08:18:40.951000', '2026-03-16 08:18:40.951000', 'manual', NULL, NULL, NULL, '[]', 0),(3, 18, 'AISTHEA Manual Delivery', 'ORD-1773654231810-5848', NULL, NULL, '2026-03-16 10:35:41.767000', '2026-03-16 10:35:41.767000', 'manual', NULL, NULL, NULL, '["https://res.cloudinary.com/drss2k6ku/image/upload/v1773657340/orders/delivery-proof/18/pat8h0zfgwecqlz228g2.png"]', 1),(4, 14, 'AISTHEA Manual Delivery', 'ORD-1773651646601-1075', NULL, NULL, '2026-03-16 10:51:50.826000', '2026-03-16 10:51:50.826000', 'manual', NULL, NULL, NULL, '["https://res.cloudinary.com/drss2k6ku/image/upload/v1773658307/orders/delivery-proof/14/vj5uvrzqytxo4ttzrkug.png"]', 1),(5, 22, 'AISTHEA Manual Delivery', 'ORD-1773736354113-0707', NULL, NULL, '2026-03-17 08:39:20.541000', '2026-03-17 08:39:20.541000', 'manual', NULL, NULL, NULL, '["https://res.cloudinary.com/drss2k6ku/image/upload/v1773736759/orders/delivery-proof/22/uxla1coripjfqmwh0rzu.png"]', 1),(6, 25, 'AISTHEA Manual Delivery', 'ORD-1773932303272-5341', NULL, NULL, '2026-03-19 15:01:55.389000', '2026-03-19 15:01:55.389000', 'manual', NULL, NULL, NULL, '["https://res.cloudinary.com/drss2k6ku/image/upload/v1773932516/orders/delivery-proof/25/yj4e2ijfvgz1jigv6xwc.png"]', 1),(7, 27, 'AISTHEA Manual Delivery', 'ORD-1774940150665-6985', NULL, NULL, '2026-03-31 06:56:41.784000', '2026-03-31 06:56:41.784000', 'manual', NULL, NULL, NULL, '["https://res.cloudinary.com/drss2k6ku/image/upload/v1774940206/orders/delivery-proof/27/vhogi51vjhqeufux1k3g.png"]', 1),(8, 28, 'AISTHEA Manual Delivery', 'ORD-1775031144301-4081', NULL, NULL, '2026-04-01 08:13:32.161000', '2026-04-01 08:13:32.161000', 'manual', NULL, NULL, NULL, '["https://res.cloudinary.com/drss2k6ku/image/upload/v1775031211/orders/delivery-proof/28/objemon6alue1qxsgarn.png"]', 1),(9, 29, 'AISTHEA Manual Delivery', 'ORD-1775034133403-7535', NULL, NULL, '2026-04-01 09:04:37.507000', '2026-04-01 09:04:37.507000', 'manual', NULL, NULL, NULL, '["https://res.cloudinary.com/drss2k6ku/image/upload/v1775034276/orders/delivery-proof/29/woqto7otehblf47084ig.png"]', 1);

-- Refunds: 1 row(s)
INSERT IGNORE INTO `Refunds` (`RefundId`, `OrderId`, `PaymentId`, `Amount`, `Type`, `Method`, `Status`, `GatewayTransactionId`, `Reason`, `GatewayError`, `CreatedBy`, `CreatedAt`, `UpdatedAt`) VALUES (1, 32, 10, 1492000, 'FULL', 'ORIGINAL_GATEWAY', 'SUCCESS', 'VNP-RF-15478692-1775067910276', 'Customer cancelled a paid order before fulfillment', NULL, 1, '2026-04-01 18:25:09.924000', '2026-04-01 18:25:10.278000');

-- InventoryLogs: 29 row(s)
INSERT IGNORE INTO `InventoryLogs` (`LogId`, `VariantId`, `OrderId`, `UserId`, `ChangeQuantity`, `PreviousStock`, `NewStock`, `Reason`, `Note`, `CreatedAt`) VALUES (1, 895, 9, 1, -1, 50, 49, 'CHECKOUT', 'Placed order #9', '2026-03-16 06:51:33.003000'),(2, 895, 10, 1, -1, 49, 48, 'CHECKOUT', 'Placed order #10', '2026-03-16 08:12:18.890000'),(3, 895, 11, 1, -1, 48, 47, 'CHECKOUT', 'Placed order #11', '2026-03-16 08:17:49.572000'),(4, 1048, 12, 1, -1, 50, 49, 'CHECKOUT', 'Placed order #12', '2026-03-16 08:53:56.263000'),(5, 1048, 13, 1, -1, 49, 48, 'CHECKOUT', 'Placed order #13', '2026-03-16 08:54:38.577000'),(6, 1048, 14, 1, -1, 48, 47, 'CHECKOUT', 'Placed order #14', '2026-03-16 09:00:46.649000'),(7, 1048, 15, 1, -1, 47, 46, 'CHECKOUT', 'Placed order #15', '2026-03-16 09:16:24.579000'),(8, 28, 16, 1, -1, 50, 49, 'CHECKOUT', 'Placed order #16', '2026-03-16 09:25:32.376000'),(9, 28, 17, 1, -1, 49, 48, 'CHECKOUT', 'Placed order #17', '2026-03-16 09:33:30.690000'),(10, 1048, 18, 1, -1, 46, 45, 'CHECKOUT', 'Placed order #18', '2026-03-16 09:43:51.843000'),(11, 28, 19, 1, -1, 48, 47, 'CHECKOUT', 'Placed order #19', '2026-03-16 10:52:57.397000'),(12, 364, 20, 1, -1, 50, 49, 'CHECKOUT', 'Placed order #20', '2026-03-17 06:42:35.674000'),(13, 541, 21, 1, -1, 50, 49, 'CHECKOUT', 'Placed order #21', '2026-03-17 08:15:43.004000'),(14, 40, 22, 1, -2, 50, 48, 'CHECKOUT', 'Placed order #22', '2026-03-17 08:32:34.143000'),(15, 1012, 23, 1, -40, 50, 10, 'CHECKOUT', 'Placed order #23', '2026-03-17 08:43:10.581000'),(16, 211, 24, 1, -1, 50, 49, 'CHECKOUT', 'Placed order #24', '2026-03-18 14:50:33.392000'),(17, 1048, 25, 1, -1, 45, 44, 'CHECKOUT', 'Placed order #25', '2026-03-19 14:58:23.315000'),(18, 340, 26, 1, -1, 50, 49, 'CHECKOUT', 'Placed order #26', '2026-03-25 14:26:12.264000'),(19, 895, 27, 1, -1, 47, 46, 'CHECKOUT', 'Placed order #27', '2026-03-31 06:55:50.718000'),(20, 1048, 28, 1, -1, 44, 43, 'CHECKOUT', 'Placed order #28', '2026-04-01 08:12:24.372000'),(21, 742, 29, 1, -1, 50, 49, 'CHECKOUT', 'Placed order #29', '2026-04-01 09:02:13.454000'),(22, 386, 30, 1, -1, 50, 49, 'CHECKOUT', 'Placed order #30', '2026-04-01 12:44:45.392000'),(23, 757, 31, 1, -1, 50, 49, 'CHECKOUT', 'Placed order #31', '2026-04-01 12:45:14.801000'),(24, 386, 30, 1, 1, 49, 50, 'RETURN_RESTORE', 'Cancelled order #30', '2026-04-01 12:53:54.717000'),(25, 757, 31, 1, 1, 49, 50, 'RETURN_RESTORE', 'Cancelled order #31', '2026-04-01 12:53:58.162000'),(26, 463, 32, 1, -1, 50, 49, 'CHECKOUT', 'Placed order #32', '2026-04-01 12:54:40.770000'),(27, 463, 32, 1, 1, 49, 50, 'RETURN_RESTORE', 'Cancelled order #32', '2026-04-01 18:25:10.331000'),(28, 484, 33, 1, -1, 50, 49, 'CHECKOUT', 'Placed order #33', '2026-04-01 19:06:36.622000'),(29, 484, 33, 1, 1, 49, 50, 'RETURN_RESTORE', 'Cancelled order #33', '2026-04-01 19:26:21.430000');

-- CustomerBankAccounts: 4 row(s)
INSERT IGNORE INTO `CustomerBankAccounts` (`BankAccountId`, `UserId`, `BankName`, `BankCode`, `AccountNumber`, `AccountHolder`, `QrImageUrl`, `InputMethod`, `IsDefault`, `IsActive`, `CreatedAt`, `UpdatedAt`) VALUES (1, 1, 'Vietcombank', 'VCB', '1024271790', 'TA TUAN KY', 'https://res.cloudinary.com/drss2k6ku/image/upload/c_limit,dpr_auto,f_auto,h_1600,q_auto:best,w_1600/v1/refund-bank-qr/user-1/l8mbqzhi35kgtvueq9fw?_a=BAMAOGUs0', 'QR_IMAGE', 0, 0, '2026-04-03 12:41:42.153000', '2026-04-03 13:45:52.357000'),(2, 1, 'Techcombank', 'TCB', '19072976331011', 'TCB', 'https://res.cloudinary.com/drss2k6ku/image/upload/c_limit,dpr_auto,f_auto,h_1600,q_auto:best,w_1600/v1/refund-bank-qr/user-1/fqbkeoxzkvs38gb328tq?_a=BAMAOGUs0', 'QR_IMAGE', 0, 0, '2026-04-03 13:47:52.032000', '2026-04-03 13:47:56.884000'),(3, 1, 'Vietcombank', 'VCB', '1024271790', 'TA TUAN KY', 'https://res.cloudinary.com/drss2k6ku/image/upload/c_limit,dpr_auto,f_auto,h_1600,q_auto:best,w_1600/v1/refund-bank-qr/user-1/drbtjt9da65oi8gabvsj?_a=BAMAOGUs0', 'QR_IMAGE', 0, 0, '2026-04-03 19:58:33.745000', '2026-04-03 19:58:43.045000'),(4, 1, 'Vietcombank', 'VCB', '1024271790', 'TA TUAN KY', 'https://res.cloudinary.com/drss2k6ku/image/upload/c_limit,dpr_auto,f_auto,h_1600,q_auto:best,w_1600/v1/refund-bank-qr/user-1/tzhwy4w5xqao2hxhck1e?_a=BAMAOGUs0', 'QR_IMAGE', 1, 1, '2026-04-03 20:03:29.522000', '2026-04-04 05:49:36.039000');

-- RefundBankSnapshots: 1 row(s)
INSERT IGNORE INTO `RefundBankSnapshots` (`RefundBankSnapshotId`, `ReturnRequestId`, `BankAccountId`, `BankName`, `BankCode`, `AccountNumberMasked`, `AccountHolder`, `QrImageUrl`, `InputMethod`, `CapturedAt`) VALUES (1, 4, 4, 'Vietcombank', 'VCB', '****1790', 'TA TUAN KY', 'https://res.cloudinary.com/drss2k6ku/image/upload/c_limit,dpr_auto,f_auto,h_1600,q_auto:best,w_1600/v1/refund-bank-qr/user-1/tzhwy4w5xqao2hxhck1e?_a=BAMAOGUs0', 'QR_IMAGE', '2026-04-04 03:55:13.674000');

-- PurchaseOrders: 1 row(s)
INSERT IGNORE INTO `PurchaseOrders` (`PurchaseOrderId`, `PurchaseOrderNumber`, `Supplier`, `Status`, `Notes`, `OrderedAt`, `ReceivedAt`, `CreatedBy`, `UpdatedAt`, `ExpectedReceivedAt`, `InvoiceNumber`, `SupplierContactName`, `SupplierPhone`, `SupplierEmail`) VALUES (1, 'PO-20260317085152-6814', 'shoppe', 'PENDING', NULL, '2026-03-17 08:51:52.148000', NULL, 2, '2026-03-17 08:51:52.148000', '2026-03-17 08:51:00', '142124', 'ky', '0907878', 'damda@gmail.com');

-- PurchaseOrderItems: 1 row(s)
INSERT IGNORE INTO `PurchaseOrderItems` (`PurchaseOrderItemId`, `PurchaseOrderId`, `VariantId`, `OrderedQty`, `ReceivedQty`, `UnitCost`) VALUES (1, 1, 340, 10, 0, 90000);

-- Carts: 4 row(s)
INSERT IGNORE INTO `Carts` (`CartId`, `UserId`, `SessionId`, `CreatedAt`, `UpdatedAt`) VALUES (1, 2, NULL, '2026-03-13 08:19:42.702000', '2026-03-13 08:19:42.702000'),(2, 1, NULL, '2026-03-13 09:24:00.553000', '2026-03-13 09:24:00.553000'),(4, 7, NULL, '2026-03-19 07:46:08.656000', '2026-03-19 07:46:08.656000'),(5, 8, NULL, '2026-04-05 17:41:40.305000', '2026-04-05 17:41:40.305000');

-- CartItems: 1 row(s)
INSERT IGNORE INTO `CartItems` (`CartItemId`, `CartId`, `VariantId`, `Quantity`, `AddedAt`) VALUES (29, 2, 595, 1, '2026-04-04 05:48:37.169000');

-- Inventory: 1098 row(s)
INSERT IGNORE INTO `Inventory` (`VariantId`, `AvailableQuantity`, `ReservedQuantity`, `IncomingQuantity`, `UpdatedAt`) VALUES (1, 50, 0, 0, '2026-03-16 13:18:29.926666'),(2, 50, 0, 0, '2026-03-16 13:18:29.926666'),(3, 50, 0, 0, '2026-03-16 13:18:29.926666'),(4, 50, 0, 0, '2026-03-16 13:18:29.926666'),(5, 50, 0, 0, '2026-03-16 13:18:29.926666'),(6, 50, 0, 0, '2026-03-16 13:18:29.926666'),(7, 50, 0, 0, '2026-03-16 13:18:29.926666'),(8, 50, 0, 0, '2026-03-16 13:18:29.926666'),(9, 50, 0, 0, '2026-03-16 13:18:29.926666'),(10, 50, 0, 0, '2026-03-16 13:18:29.926666'),(11, 50, 0, 0, '2026-03-16 13:18:29.926666'),(12, 50, 0, 0, '2026-03-16 13:18:29.926666'),(13, 50, 0, 0, '2026-03-16 13:18:29.926666'),(14, 50, 0, 0, '2026-03-16 13:18:29.926666'),(15, 50, 0, 0, '2026-03-16 13:18:29.926666'),(16, 50, 0, 0, '2026-03-16 13:18:29.926666'),(17, 50, 0, 0, '2026-03-16 13:18:29.926666'),(18, 50, 0, 0, '2026-03-16 13:18:29.926666'),(19, 50, 0, 0, '2026-03-16 13:18:29.926666'),(20, 50, 0, 0, '2026-03-16 13:18:29.926666'),(21, 50, 0, 0, '2026-03-16 13:18:29.926666'),(22, 50, 0, 0, '2026-03-16 13:18:29.926666'),(23, 50, 0, 0, '2026-03-16 13:18:29.926666'),(24, 50, 0, 0, '2026-03-16 13:18:29.926666'),(25, 50, 0, 0, '2026-03-16 13:18:29.926666'),(26, 50, 0, 0, '2026-03-16 13:18:29.926666'),(27, 50, 0, 0, '2026-03-16 13:18:29.926666'),(28, 47, 0, 0, '2026-03-16 10:52:57.392000'),(29, 50, 0, 0, '2026-03-16 13:18:29.926666'),(30, 50, 0, 0, '2026-03-16 13:18:29.926666'),(31, 50, 0, 0, '2026-03-16 13:18:29.926666'),(32, 50, 0, 0, '2026-03-16 13:18:29.926666'),(33, 50, 0, 0, '2026-03-16 13:18:29.926666'),(34, 50, 0, 0, '2026-03-16 13:18:29.926666'),(35, 50, 0, 0, '2026-03-16 13:18:29.926666'),(36, 50, 0, 0, '2026-03-16 13:18:29.926666'),(37, 50, 0, 0, '2026-03-16 13:18:29.926666'),(38, 50, 0, 0, '2026-03-16 13:18:29.926666'),(39, 50, 0, 0, '2026-03-16 13:18:29.926666'),(40, 48, 0, 0, '2026-03-17 08:32:34.137000'),(41, 50, 0, 0, '2026-03-16 13:18:29.926666'),(42, 50, 0, 0, '2026-03-16 13:18:29.926666'),(43, 50, 0, 0, '2026-03-16 13:18:29.926666'),(44, 50, 0, 0, '2026-03-16 13:18:29.926666'),(45, 50, 0, 0, '2026-03-16 13:18:29.926666'),(46, 50, 0, 0, '2026-03-16 13:18:29.926666'),(47, 50, 0, 0, '2026-03-16 13:18:29.926666'),(48, 50, 0, 0, '2026-03-16 13:18:29.926666'),(49, 50, 0, 0, '2026-03-16 13:18:29.926666'),(50, 50, 0, 0, '2026-03-16 13:18:29.926666'),(51, 50, 0, 0, '2026-03-16 13:18:29.926666'),(52, 50, 0, 0, '2026-03-16 13:18:29.926666'),(53, 50, 0, 0, '2026-03-16 13:18:29.926666'),(54, 50, 0, 0, '2026-03-16 13:18:29.926666'),(55, 50, 0, 0, '2026-03-16 13:18:29.926666'),(56, 50, 0, 0, '2026-03-16 13:18:29.926666'),(57, 50, 0, 0, '2026-03-16 13:18:29.926666'),(58, 50, 0, 0, '2026-03-16 13:18:29.926666'),(59, 50, 0, 0, '2026-03-16 13:18:29.926666'),(60, 50, 0, 0, '2026-03-16 13:18:29.926666'),(61, 50, 0, 0, '2026-03-16 13:18:29.926666'),(62, 50, 0, 0, '2026-03-16 13:18:29.926666'),(63, 50, 0, 0, '2026-03-16 13:18:29.926666'),(64, 50, 0, 0, '2026-03-16 13:18:29.926666'),(65, 50, 0, 0, '2026-03-16 13:18:29.926666'),(66, 50, 0, 0, '2026-03-16 13:18:29.926666'),(67, 50, 0, 0, '2026-03-16 13:18:29.926666'),(68, 50, 0, 0, '2026-03-16 13:18:29.926666'),(69, 50, 0, 0, '2026-03-16 13:18:29.926666'),(70, 50, 0, 0, '2026-03-16 13:18:29.926666'),(71, 50, 0, 0, '2026-03-16 13:18:29.926666'),(72, 50, 0, 0, '2026-03-16 13:18:29.926666'),(73, 50, 0, 0, '2026-03-16 13:18:29.926666'),(74, 50, 0, 0, '2026-03-16 13:18:29.926666'),(75, 50, 0, 0, '2026-03-16 13:18:29.926666'),(76, 50, 0, 0, '2026-03-16 13:18:29.926666'),(77, 50, 0, 0, '2026-03-16 13:18:29.926666'),(78, 50, 0, 0, '2026-03-16 13:18:29.926666'),(79, 50, 0, 0, '2026-03-16 13:18:29.926666'),(80, 50, 0, 0, '2026-03-16 13:18:29.926666'),(81, 50, 0, 0, '2026-03-16 13:18:29.926666'),(82, 50, 0, 0, '2026-03-16 13:18:29.926666'),(83, 50, 0, 0, '2026-03-16 13:18:29.926666'),(84, 50, 0, 0, '2026-03-16 13:18:29.926666'),(85, 50, 0, 0, '2026-03-16 13:18:29.926666'),(86, 50, 0, 0, '2026-03-16 13:18:29.926666'),(87, 50, 0, 0, '2026-03-16 13:18:29.926666'),(88, 50, 0, 0, '2026-03-16 13:18:29.926666'),(89, 50, 0, 0, '2026-03-16 13:18:29.926666'),(90, 50, 0, 0, '2026-03-16 13:18:29.926666'),(91, 50, 0, 0, '2026-03-16 13:18:29.926666'),(92, 50, 0, 0, '2026-03-16 13:18:29.926666'),(93, 50, 0, 0, '2026-03-16 13:18:29.926666'),(94, 50, 0, 0, '2026-03-16 13:18:29.926666'),(95, 50, 0, 0, '2026-03-16 13:18:29.926666'),(96, 50, 0, 0, '2026-03-16 13:18:29.926666'),(97, 50, 0, 0, '2026-03-16 13:18:29.926666'),(98, 50, 0, 0, '2026-03-16 13:18:29.926666'),(99, 50, 0, 0, '2026-03-16 13:18:29.926666'),(100, 50, 0, 0, '2026-03-16 13:18:29.926666'),(101, 50, 0, 0, '2026-03-16 13:18:29.926666'),(102, 50, 0, 0, '2026-03-16 13:18:29.926666'),(103, 50, 0, 0, '2026-03-16 13:18:29.926666'),(104, 50, 0, 0, '2026-03-16 13:18:29.926666'),(105, 50, 0, 0, '2026-03-16 13:18:29.926666'),(106, 50, 0, 0, '2026-03-16 13:18:29.926666'),(107, 50, 0, 0, '2026-03-16 13:18:29.926666'),(108, 50, 0, 0, '2026-03-16 13:18:29.926666'),(109, 50, 0, 0, '2026-03-16 13:18:29.926666'),(110, 50, 0, 0, '2026-03-16 13:18:29.926666'),(111, 50, 0, 0, '2026-03-16 13:18:29.926666'),(112, 50, 0, 0, '2026-03-16 13:18:29.926666'),(113, 50, 0, 0, '2026-03-16 13:18:29.926666'),(114, 50, 0, 0, '2026-03-16 13:18:29.926666'),(115, 50, 0, 0, '2026-03-16 13:18:29.926666'),(116, 50, 0, 0, '2026-03-16 13:18:29.926666'),(117, 50, 0, 0, '2026-03-16 13:18:29.926666'),(118, 50, 0, 0, '2026-03-16 13:18:29.926666'),(119, 50, 0, 0, '2026-03-16 13:18:29.926666'),(120, 50, 0, 0, '2026-03-16 13:18:29.926666'),(121, 50, 0, 0, '2026-03-16 13:18:29.926666'),(122, 50, 0, 0, '2026-03-16 13:18:29.926666'),(123, 50, 0, 0, '2026-03-16 13:18:29.926666'),(124, 50, 0, 0, '2026-03-16 13:18:29.926666'),(125, 50, 0, 0, '2026-03-16 13:18:29.926666'),(126, 50, 0, 0, '2026-03-16 13:18:29.926666'),(127, 50, 0, 0, '2026-03-16 13:18:29.926666'),(128, 50, 0, 0, '2026-03-16 13:18:29.926666'),(129, 50, 0, 0, '2026-03-16 13:18:29.926666'),(130, 50, 0, 0, '2026-03-16 13:18:29.926666'),(131, 50, 0, 0, '2026-03-16 13:18:29.926666'),(132, 50, 0, 0, '2026-03-16 13:18:29.926666'),(133, 50, 0, 0, '2026-03-16 13:18:29.926666'),(134, 50, 0, 0, '2026-03-16 13:18:29.926666'),(135, 50, 0, 0, '2026-03-16 13:18:29.926666'),(136, 50, 0, 0, '2026-03-16 13:18:29.926666'),(137, 50, 0, 0, '2026-03-16 13:18:29.926666'),(138, 50, 0, 0, '2026-03-16 13:18:29.926666'),(139, 50, 0, 0, '2026-03-16 13:18:29.926666'),(140, 50, 0, 0, '2026-03-16 13:18:29.926666'),(141, 50, 0, 0, '2026-03-16 13:18:29.926666'),(142, 50, 0, 0, '2026-03-16 13:18:29.926666'),(143, 50, 0, 0, '2026-03-16 13:18:29.926666'),(144, 50, 0, 0, '2026-03-16 13:18:29.926666'),(145, 50, 0, 0, '2026-03-16 13:18:29.926666'),(146, 50, 0, 0, '2026-03-16 13:18:29.926666'),(147, 50, 0, 0, '2026-03-16 13:18:29.926666'),(148, 50, 0, 0, '2026-03-16 13:18:29.926666'),(149, 50, 0, 0, '2026-03-16 13:18:29.926666'),(150, 50, 0, 0, '2026-03-16 13:18:29.926666'),(151, 50, 0, 0, '2026-03-16 13:18:29.926666'),(152, 50, 0, 0, '2026-03-16 13:18:29.926666'),(153, 50, 0, 0, '2026-03-16 13:18:29.926666'),(154, 50, 0, 0, '2026-03-16 13:18:29.926666'),(155, 50, 0, 0, '2026-03-16 13:18:29.926666'),(156, 50, 0, 0, '2026-03-16 13:18:29.926666'),(157, 50, 0, 0, '2026-03-16 13:18:29.926666'),(158, 50, 0, 0, '2026-03-16 13:18:29.926666'),(159, 50, 0, 0, '2026-03-16 13:18:29.926666'),(160, 50, 0, 0, '2026-03-16 13:18:29.926666'),(161, 50, 0, 0, '2026-03-16 13:18:29.926666'),(162, 50, 0, 0, '2026-03-16 13:18:29.926666'),(163, 50, 0, 0, '2026-03-16 13:18:29.926666'),(164, 50, 0, 0, '2026-03-16 13:18:29.926666'),(165, 50, 0, 0, '2026-03-16 13:18:29.926666'),(166, 50, 0, 0, '2026-03-16 13:18:29.926666'),(167, 50, 0, 0, '2026-03-16 13:18:29.926666'),(168, 50, 0, 0, '2026-03-16 13:18:29.926666'),(169, 50, 0, 0, '2026-03-16 13:18:29.926666'),(170, 50, 0, 0, '2026-03-16 13:18:29.926666'),(171, 50, 0, 0, '2026-03-16 13:18:29.926666'),(172, 50, 0, 0, '2026-03-16 13:18:29.926666'),(173, 50, 0, 0, '2026-03-16 13:18:29.926666'),(174, 50, 0, 0, '2026-03-16 13:18:29.926666'),(175, 50, 0, 0, '2026-03-16 13:18:29.926666'),(176, 50, 0, 0, '2026-03-16 13:18:29.926666'),(177, 50, 0, 0, '2026-03-16 13:18:29.926666'),(178, 50, 0, 0, '2026-03-16 13:18:29.926666'),(179, 50, 0, 0, '2026-03-16 13:18:29.926666'),(180, 50, 0, 0, '2026-03-16 13:18:29.926666'),(181, 50, 0, 0, '2026-03-16 13:18:29.926666'),(182, 50, 0, 0, '2026-03-16 13:18:29.926666'),(183, 50, 0, 0, '2026-03-16 13:18:29.926666'),(184, 50, 0, 0, '2026-03-16 13:18:29.926666'),(185, 50, 0, 0, '2026-03-16 13:18:29.926666'),(186, 50, 0, 0, '2026-03-16 13:18:29.926666'),(187, 50, 0, 0, '2026-03-16 13:18:29.926666'),(188, 50, 0, 0, '2026-03-16 13:18:29.926666'),(189, 50, 0, 0, '2026-03-16 13:18:29.926666'),(190, 50, 0, 0, '2026-03-16 13:18:29.926666'),(191, 50, 0, 0, '2026-03-16 13:18:29.926666'),(192, 50, 0, 0, '2026-03-16 13:18:29.926666'),(193, 50, 0, 0, '2026-03-16 13:18:29.926666'),(194, 50, 0, 0, '2026-03-16 13:18:29.926666'),(195, 50, 0, 0, '2026-03-16 13:18:29.926666'),(196, 50, 0, 0, '2026-03-16 13:18:29.926666'),(197, 50, 0, 0, '2026-03-16 13:18:29.926666'),(198, 50, 0, 0, '2026-03-16 13:18:29.926666'),(199, 50, 0, 0, '2026-03-16 13:18:29.926666'),(200, 50, 0, 0, '2026-03-16 13:18:29.926666');
INSERT IGNORE INTO `Inventory` (`VariantId`, `AvailableQuantity`, `ReservedQuantity`, `IncomingQuantity`, `UpdatedAt`) VALUES (201, 50, 0, 0, '2026-03-16 13:18:29.926666'),(202, 50, 0, 0, '2026-03-16 13:18:29.926666'),(203, 50, 0, 0, '2026-03-16 13:18:29.926666'),(204, 50, 0, 0, '2026-03-16 13:18:29.926666'),(205, 50, 0, 0, '2026-03-16 13:18:29.926666'),(206, 50, 0, 0, '2026-03-16 13:18:29.926666'),(207, 50, 0, 0, '2026-03-16 13:18:29.926666'),(208, 50, 0, 0, '2026-03-16 13:18:29.926666'),(209, 50, 0, 0, '2026-03-16 13:18:29.926666'),(210, 50, 0, 0, '2026-03-16 13:18:29.926666'),(211, 49, 0, 0, '2026-03-18 14:50:33.384000'),(212, 50, 0, 0, '2026-03-16 13:18:29.926666'),(213, 50, 0, 0, '2026-03-16 13:18:29.926666'),(214, 50, 0, 0, '2026-03-16 13:18:29.926666'),(215, 50, 0, 0, '2026-03-16 13:18:29.926666'),(216, 50, 0, 0, '2026-03-16 13:18:29.926666'),(217, 50, 0, 0, '2026-03-16 13:18:29.926666'),(218, 50, 0, 0, '2026-03-16 13:18:29.926666'),(219, 50, 0, 0, '2026-03-16 13:18:29.926666'),(220, 50, 0, 0, '2026-03-16 13:18:29.926666'),(221, 50, 0, 0, '2026-03-16 13:18:29.926666'),(222, 50, 0, 0, '2026-03-16 13:18:29.926666'),(223, 50, 0, 0, '2026-03-16 13:18:29.926666'),(224, 50, 0, 0, '2026-03-16 13:18:29.926666'),(225, 50, 0, 0, '2026-03-16 13:18:29.926666'),(226, 50, 0, 0, '2026-03-16 13:18:29.926666'),(227, 50, 0, 0, '2026-03-16 13:18:29.926666'),(228, 50, 0, 0, '2026-03-16 13:18:29.926666'),(229, 50, 0, 0, '2026-03-16 13:18:29.926666'),(230, 50, 0, 0, '2026-03-16 13:18:29.926666'),(231, 50, 0, 0, '2026-03-16 13:18:29.926666'),(232, 50, 0, 0, '2026-03-16 13:18:29.926666'),(233, 50, 0, 0, '2026-03-16 13:18:29.926666'),(234, 50, 0, 0, '2026-03-16 13:18:29.926666'),(235, 50, 0, 0, '2026-03-16 13:18:29.926666'),(236, 50, 0, 0, '2026-03-16 13:18:29.926666'),(237, 50, 0, 0, '2026-03-16 13:18:29.926666'),(238, 50, 0, 0, '2026-03-16 13:18:29.926666'),(239, 50, 0, 0, '2026-03-16 13:18:29.926666'),(240, 50, 0, 0, '2026-03-16 13:18:29.926666'),(241, 50, 0, 0, '2026-03-16 13:18:29.926666'),(242, 50, 0, 0, '2026-03-16 13:18:29.926666'),(243, 50, 0, 0, '2026-03-16 13:18:29.926666'),(244, 50, 0, 0, '2026-03-16 13:18:29.926666'),(245, 50, 0, 0, '2026-03-16 13:18:29.926666'),(246, 50, 0, 0, '2026-03-16 13:18:29.926666'),(247, 50, 0, 0, '2026-03-16 13:18:29.926666'),(248, 50, 0, 0, '2026-03-16 13:18:29.926666'),(249, 50, 0, 0, '2026-03-16 13:18:29.926666'),(250, 50, 0, 0, '2026-03-16 13:18:29.926666'),(251, 50, 0, 0, '2026-03-16 13:18:29.926666'),(252, 50, 0, 0, '2026-03-16 13:18:29.926666'),(253, 50, 0, 0, '2026-03-16 13:18:29.926666'),(254, 50, 0, 0, '2026-03-16 13:18:29.926666'),(255, 50, 0, 0, '2026-03-16 13:18:29.926666'),(256, 50, 0, 0, '2026-03-16 13:18:29.926666'),(257, 50, 0, 0, '2026-03-16 13:18:29.926666'),(258, 50, 0, 0, '2026-03-16 13:18:29.926666'),(259, 50, 0, 0, '2026-03-16 13:18:29.926666'),(260, 50, 0, 0, '2026-03-16 13:18:29.926666'),(261, 50, 0, 0, '2026-03-16 13:18:29.926666'),(262, 50, 0, 0, '2026-03-16 13:18:29.926666'),(263, 50, 0, 0, '2026-03-16 13:18:29.926666'),(264, 50, 0, 0, '2026-03-16 13:18:29.926666'),(265, 50, 0, 0, '2026-03-16 13:18:29.926666'),(266, 50, 0, 0, '2026-03-16 13:18:29.926666'),(267, 50, 0, 0, '2026-03-16 13:18:29.926666'),(268, 50, 0, 0, '2026-03-16 13:18:29.926666'),(269, 50, 0, 0, '2026-03-16 13:18:29.926666'),(270, 50, 0, 0, '2026-03-16 13:18:29.926666'),(271, 50, 0, 0, '2026-03-16 13:18:29.926666'),(272, 50, 0, 0, '2026-03-16 13:18:29.926666'),(273, 50, 0, 0, '2026-03-16 13:18:29.926666'),(274, 50, 0, 0, '2026-03-16 13:18:29.926666'),(275, 50, 0, 0, '2026-03-16 13:18:29.926666'),(276, 50, 0, 0, '2026-03-16 13:18:29.926666'),(277, 50, 0, 0, '2026-03-16 13:18:29.926666'),(278, 50, 0, 0, '2026-03-16 13:18:29.926666'),(279, 50, 0, 0, '2026-03-16 13:18:29.926666'),(280, 50, 0, 0, '2026-03-16 13:18:29.926666'),(281, 50, 0, 0, '2026-03-16 13:18:29.926666'),(282, 50, 0, 0, '2026-03-16 13:18:29.926666'),(283, 50, 0, 0, '2026-03-16 13:18:29.926666'),(284, 50, 0, 0, '2026-03-16 13:18:29.926666'),(285, 50, 0, 0, '2026-03-16 13:18:29.926666'),(286, 50, 0, 0, '2026-03-16 13:18:29.926666'),(287, 50, 0, 0, '2026-03-16 13:18:29.926666'),(288, 50, 0, 0, '2026-03-16 13:18:29.926666'),(289, 50, 0, 0, '2026-03-16 13:18:29.926666'),(290, 50, 0, 0, '2026-03-16 13:18:29.926666'),(291, 50, 0, 0, '2026-03-16 13:18:29.926666'),(292, 50, 0, 0, '2026-03-16 13:18:29.926666'),(293, 50, 0, 0, '2026-03-16 13:18:29.926666'),(294, 50, 0, 0, '2026-03-16 13:18:29.926666'),(295, 50, 0, 0, '2026-03-16 13:18:29.926666'),(296, 50, 0, 0, '2026-03-16 13:18:29.926666'),(297, 50, 0, 0, '2026-03-16 13:18:29.926666'),(298, 50, 0, 0, '2026-03-16 13:18:29.926666'),(299, 50, 0, 0, '2026-03-16 13:18:29.926666'),(300, 50, 0, 0, '2026-03-16 13:18:29.926666'),(301, 50, 0, 0, '2026-03-16 13:18:29.926666'),(302, 50, 0, 0, '2026-03-16 13:18:29.926666'),(303, 50, 0, 0, '2026-03-16 13:18:29.926666'),(304, 50, 0, 0, '2026-03-16 13:18:29.926666'),(305, 50, 0, 0, '2026-03-16 13:18:29.926666'),(306, 50, 0, 0, '2026-03-16 13:18:29.926666'),(307, 50, 0, 0, '2026-03-16 13:18:29.926666'),(308, 50, 0, 0, '2026-03-16 13:18:29.926666'),(309, 50, 0, 0, '2026-03-16 13:18:29.926666'),(310, 50, 0, 0, '2026-03-16 13:18:29.926666'),(311, 50, 0, 0, '2026-03-16 13:18:29.926666'),(312, 50, 0, 0, '2026-03-16 13:18:29.926666'),(313, 50, 0, 0, '2026-03-16 13:18:29.926666'),(314, 50, 0, 0, '2026-03-16 13:18:29.926666'),(315, 50, 0, 0, '2026-03-16 13:18:29.926666'),(316, 50, 0, 0, '2026-03-16 13:18:29.926666'),(317, 50, 0, 0, '2026-03-16 13:18:29.926666'),(318, 50, 0, 0, '2026-03-16 13:18:29.926666'),(319, 50, 0, 0, '2026-03-16 13:18:29.926666'),(320, 50, 0, 0, '2026-03-16 13:18:29.926666'),(321, 50, 0, 0, '2026-03-16 13:18:29.926666'),(322, 50, 0, 0, '2026-03-16 13:18:29.926666'),(323, 50, 0, 0, '2026-03-16 13:18:29.926666'),(324, 50, 0, 0, '2026-03-16 13:18:29.926666'),(325, 50, 0, 0, '2026-03-16 13:18:29.926666'),(326, 50, 0, 0, '2026-03-16 13:18:29.926666'),(327, 50, 0, 0, '2026-03-16 13:18:29.926666'),(328, 50, 0, 0, '2026-03-16 13:18:29.926666'),(329, 50, 0, 0, '2026-03-16 13:18:29.926666'),(330, 50, 0, 0, '2026-03-16 13:18:29.926666'),(331, 50, 0, 0, '2026-03-16 13:18:29.926666'),(332, 50, 0, 0, '2026-03-16 13:18:29.926666'),(333, 50, 0, 0, '2026-03-16 13:18:29.926666'),(334, 50, 0, 0, '2026-03-16 13:18:29.926666'),(335, 50, 0, 0, '2026-03-16 13:18:29.926666'),(336, 50, 0, 0, '2026-03-16 13:18:29.926666'),(337, 50, 0, 0, '2026-03-16 13:18:29.926666'),(338, 50, 0, 0, '2026-03-16 13:18:29.926666'),(339, 50, 0, 0, '2026-03-16 13:18:29.926666'),(340, 49, 0, 0, '2026-03-25 14:26:12.256000'),(341, 50, 0, 0, '2026-03-16 13:18:29.926666'),(342, 50, 0, 0, '2026-03-16 13:18:29.926666'),(343, 50, 0, 0, '2026-03-16 13:18:29.926666'),(344, 50, 0, 0, '2026-03-16 13:18:29.926666'),(345, 50, 0, 0, '2026-03-16 13:18:29.926666'),(346, 50, 0, 0, '2026-03-16 13:18:29.926666'),(347, 50, 0, 0, '2026-03-16 13:18:29.926666'),(348, 50, 0, 0, '2026-03-16 13:18:29.926666'),(349, 50, 0, 0, '2026-03-16 13:18:29.926666'),(350, 50, 0, 0, '2026-03-16 13:18:29.926666'),(351, 50, 0, 0, '2026-03-16 13:18:29.926666'),(352, 50, 0, 0, '2026-03-16 13:18:29.926666'),(353, 50, 0, 0, '2026-03-16 13:18:29.926666'),(354, 50, 0, 0, '2026-03-16 13:18:29.926666'),(355, 50, 0, 0, '2026-03-16 13:18:29.926666'),(356, 50, 0, 0, '2026-03-16 13:18:29.926666'),(357, 50, 0, 0, '2026-03-16 13:18:29.926666'),(358, 50, 0, 0, '2026-03-16 13:18:29.926666'),(359, 50, 0, 0, '2026-03-16 13:18:29.926666'),(360, 50, 0, 0, '2026-03-16 13:18:29.926666'),(361, 50, 0, 0, '2026-03-16 13:18:29.926666'),(362, 50, 0, 0, '2026-03-16 13:18:29.926666'),(363, 50, 0, 0, '2026-03-16 13:18:29.926666'),(364, 49, 0, 0, '2026-03-17 06:42:35.668000'),(365, 50, 0, 0, '2026-03-16 13:18:29.926666'),(366, 50, 0, 0, '2026-03-16 13:18:29.926666'),(367, 50, 0, 0, '2026-03-16 13:18:29.926666'),(368, 50, 0, 0, '2026-03-16 13:18:29.926666'),(369, 50, 0, 0, '2026-03-16 13:18:29.926666'),(370, 50, 0, 0, '2026-03-16 13:18:29.926666'),(371, 50, 0, 0, '2026-03-16 13:18:29.926666'),(372, 50, 0, 0, '2026-03-16 13:18:29.926666'),(373, 50, 0, 0, '2026-03-16 13:18:29.926666'),(374, 50, 0, 0, '2026-03-16 13:18:29.926666'),(375, 50, 0, 0, '2026-03-16 13:18:29.926666'),(376, 50, 0, 0, '2026-03-16 13:18:29.926666'),(377, 50, 0, 0, '2026-03-16 13:18:29.926666'),(378, 50, 0, 0, '2026-03-16 13:18:29.926666'),(379, 50, 0, 0, '2026-03-16 13:18:29.926666'),(380, 50, 0, 0, '2026-03-16 13:18:29.926666'),(381, 50, 0, 0, '2026-03-16 13:18:29.926666'),(382, 50, 0, 0, '2026-03-16 13:18:29.926666'),(383, 50, 0, 0, '2026-03-16 13:18:29.926666'),(384, 50, 0, 0, '2026-03-16 13:18:29.926666'),(385, 50, 0, 0, '2026-03-16 13:18:29.926666'),(386, 50, 0, 0, '2026-04-01 12:53:54.709000'),(387, 50, 0, 0, '2026-03-16 13:18:29.926666'),(388, 50, 0, 0, '2026-03-16 13:18:29.926666'),(389, 50, 0, 0, '2026-03-16 13:18:29.926666'),(390, 50, 0, 0, '2026-03-16 13:18:29.926666'),(391, 50, 0, 0, '2026-03-16 13:18:29.926666'),(392, 50, 0, 0, '2026-03-16 13:18:29.926666'),(393, 50, 0, 0, '2026-03-16 13:18:29.926666'),(394, 50, 0, 0, '2026-03-16 13:18:29.926666'),(395, 50, 0, 0, '2026-03-16 13:18:29.926666'),(396, 50, 0, 0, '2026-03-16 13:18:29.926666'),(397, 50, 0, 0, '2026-03-16 13:18:29.926666'),(398, 50, 0, 0, '2026-03-16 13:18:29.926666'),(399, 50, 0, 0, '2026-03-16 13:18:29.926666'),(400, 50, 0, 0, '2026-03-16 13:18:29.926666');
INSERT IGNORE INTO `Inventory` (`VariantId`, `AvailableQuantity`, `ReservedQuantity`, `IncomingQuantity`, `UpdatedAt`) VALUES (401, 50, 0, 0, '2026-03-16 13:18:29.926666'),(402, 50, 0, 0, '2026-03-16 13:18:29.926666'),(403, 50, 0, 0, '2026-03-16 13:18:29.926666'),(404, 50, 0, 0, '2026-03-16 13:18:29.926666'),(405, 50, 0, 0, '2026-03-16 13:18:29.926666'),(406, 50, 0, 0, '2026-03-16 13:18:29.926666'),(407, 50, 0, 0, '2026-03-16 13:18:29.926666'),(408, 50, 0, 0, '2026-03-16 13:18:29.926666'),(409, 50, 0, 0, '2026-03-16 13:18:29.926666'),(410, 50, 0, 0, '2026-03-16 13:18:29.926666'),(411, 50, 0, 0, '2026-03-16 13:18:29.926666'),(412, 50, 0, 0, '2026-03-16 13:18:29.926666'),(413, 50, 0, 0, '2026-03-16 13:18:29.926666'),(414, 50, 0, 0, '2026-03-16 13:18:29.926666'),(415, 50, 0, 0, '2026-03-16 13:18:29.926666'),(416, 50, 0, 0, '2026-03-16 13:18:29.926666'),(417, 50, 0, 0, '2026-03-16 13:18:29.926666'),(418, 50, 0, 0, '2026-03-16 13:18:29.926666'),(419, 50, 0, 0, '2026-03-16 13:18:29.926666'),(420, 50, 0, 0, '2026-03-16 13:18:29.926666'),(421, 50, 0, 0, '2026-03-16 13:18:29.926666'),(422, 50, 0, 0, '2026-03-16 13:18:29.926666'),(423, 50, 0, 0, '2026-03-16 13:18:29.926666'),(424, 50, 0, 0, '2026-03-16 13:18:29.926666'),(425, 50, 0, 0, '2026-03-16 13:18:29.926666'),(426, 50, 0, 0, '2026-03-16 13:18:29.926666'),(427, 50, 0, 0, '2026-03-16 13:18:29.926666'),(428, 50, 0, 0, '2026-03-16 13:18:29.926666'),(429, 50, 0, 0, '2026-03-16 13:18:29.926666'),(430, 50, 0, 0, '2026-03-16 13:18:29.926666'),(431, 50, 0, 0, '2026-03-16 13:18:29.926666'),(432, 50, 0, 0, '2026-03-16 13:18:29.926666'),(433, 50, 0, 0, '2026-03-16 13:18:29.926666'),(434, 50, 0, 0, '2026-03-16 13:18:29.926666'),(435, 50, 0, 0, '2026-03-16 13:18:29.926666'),(436, 50, 0, 0, '2026-03-16 13:18:29.926666'),(437, 50, 0, 0, '2026-03-16 13:18:29.926666'),(438, 50, 0, 0, '2026-03-16 13:18:29.926666'),(439, 50, 0, 0, '2026-03-16 13:18:29.926666'),(440, 50, 0, 0, '2026-03-16 13:18:29.926666'),(441, 50, 0, 0, '2026-03-16 13:18:29.926666'),(442, 50, 0, 0, '2026-03-16 13:18:29.926666'),(443, 50, 0, 0, '2026-03-16 13:18:29.926666'),(444, 50, 0, 0, '2026-03-16 13:18:29.926666'),(445, 50, 0, 0, '2026-03-16 13:18:29.926666'),(446, 50, 0, 0, '2026-03-16 13:18:29.926666'),(447, 50, 0, 0, '2026-03-16 13:18:29.926666'),(448, 50, 0, 0, '2026-03-16 13:18:29.926666'),(449, 50, 0, 0, '2026-03-16 13:18:29.926666'),(450, 50, 0, 0, '2026-03-16 13:18:29.926666'),(451, 50, 0, 0, '2026-03-16 13:18:29.926666'),(452, 50, 0, 0, '2026-03-16 13:18:29.926666'),(453, 50, 0, 0, '2026-03-16 13:18:29.926666'),(454, 50, 0, 0, '2026-03-16 13:18:29.926666'),(455, 50, 0, 0, '2026-03-16 13:18:29.926666'),(456, 50, 0, 0, '2026-03-16 13:18:29.926666'),(457, 50, 0, 0, '2026-03-16 13:18:29.926666'),(458, 50, 0, 0, '2026-03-16 13:18:29.926666'),(459, 50, 0, 0, '2026-03-16 13:18:29.926666'),(460, 50, 0, 0, '2026-03-16 13:18:29.926666'),(461, 50, 0, 0, '2026-03-16 13:18:29.926666'),(462, 50, 0, 0, '2026-03-16 13:18:29.926666'),(463, 50, 0, 0, '2026-04-01 18:25:10.325000'),(464, 50, 0, 0, '2026-03-16 13:18:29.926666'),(465, 50, 0, 0, '2026-03-16 13:18:29.926666'),(466, 50, 0, 0, '2026-03-16 13:18:29.926666'),(467, 50, 0, 0, '2026-03-16 13:18:29.926666'),(468, 50, 0, 0, '2026-03-16 13:18:29.926666'),(469, 50, 0, 0, '2026-03-16 13:18:29.926666'),(470, 50, 0, 0, '2026-03-16 13:18:29.926666'),(471, 50, 0, 0, '2026-03-16 13:18:29.926666'),(472, 50, 0, 0, '2026-03-16 13:18:29.926666'),(473, 50, 0, 0, '2026-03-16 13:18:29.926666'),(474, 50, 0, 0, '2026-03-16 13:18:29.926666'),(475, 50, 0, 0, '2026-03-16 13:18:29.926666'),(476, 50, 0, 0, '2026-03-16 13:18:29.926666'),(477, 50, 0, 0, '2026-03-16 13:18:29.926666'),(478, 50, 0, 0, '2026-03-16 13:18:29.926666'),(479, 50, 0, 0, '2026-03-16 13:18:29.926666'),(480, 50, 0, 0, '2026-03-16 13:18:29.926666'),(481, 50, 0, 0, '2026-03-16 13:18:29.926666'),(482, 50, 0, 0, '2026-03-16 13:18:29.926666'),(483, 50, 0, 0, '2026-03-16 13:18:29.926666'),(484, 50, 0, 0, '2026-04-01 19:26:21.422000'),(485, 50, 0, 0, '2026-03-16 13:18:29.926666'),(486, 50, 0, 0, '2026-03-16 13:18:29.926666'),(487, 50, 0, 0, '2026-03-16 13:18:29.926666'),(488, 50, 0, 0, '2026-03-16 13:18:29.926666'),(489, 50, 0, 0, '2026-03-16 13:18:29.926666'),(490, 50, 0, 0, '2026-03-16 13:18:29.926666'),(491, 50, 0, 0, '2026-03-16 13:18:29.926666'),(492, 50, 0, 0, '2026-03-16 13:18:29.926666'),(493, 50, 0, 0, '2026-03-16 13:18:29.926666'),(494, 50, 0, 0, '2026-03-16 13:18:29.926666'),(495, 50, 0, 0, '2026-03-16 13:18:29.926666'),(496, 50, 0, 0, '2026-03-16 13:18:29.926666'),(497, 50, 0, 0, '2026-03-16 13:18:29.926666'),(498, 50, 0, 0, '2026-03-16 13:18:29.926666'),(499, 50, 0, 0, '2026-03-16 13:18:29.926666'),(500, 50, 0, 0, '2026-03-16 13:18:29.926666'),(501, 50, 0, 0, '2026-03-16 13:18:29.926666'),(502, 50, 0, 0, '2026-03-16 13:18:29.926666'),(503, 50, 0, 0, '2026-03-16 13:18:29.926666'),(504, 50, 0, 0, '2026-03-16 13:18:29.926666'),(505, 50, 0, 0, '2026-03-16 13:18:29.926666'),(506, 50, 0, 0, '2026-03-16 13:18:29.926666'),(507, 50, 0, 0, '2026-03-16 13:18:29.926666'),(508, 50, 0, 0, '2026-03-16 13:18:29.926666'),(509, 50, 0, 0, '2026-03-16 13:18:29.926666'),(510, 50, 0, 0, '2026-03-16 13:18:29.926666'),(511, 50, 0, 0, '2026-03-16 13:18:29.926666'),(512, 50, 0, 0, '2026-03-16 13:18:29.926666'),(513, 50, 0, 0, '2026-03-16 13:18:29.926666'),(514, 50, 0, 0, '2026-03-16 13:18:29.926666'),(515, 50, 0, 0, '2026-03-16 13:18:29.926666'),(516, 50, 0, 0, '2026-03-16 13:18:29.926666'),(517, 50, 0, 0, '2026-03-16 13:18:29.926666'),(518, 50, 0, 0, '2026-03-16 13:18:29.926666'),(519, 50, 0, 0, '2026-03-16 13:18:29.926666'),(520, 50, 0, 0, '2026-03-16 13:18:29.926666'),(521, 50, 0, 0, '2026-03-16 13:18:29.926666'),(522, 50, 0, 0, '2026-03-16 13:18:29.926666'),(523, 50, 0, 0, '2026-03-16 13:18:29.926666'),(524, 50, 0, 0, '2026-03-16 13:18:29.926666'),(525, 50, 0, 0, '2026-03-16 13:18:29.926666'),(526, 50, 0, 0, '2026-03-16 13:18:29.926666'),(527, 50, 0, 0, '2026-03-16 13:18:29.926666'),(528, 50, 0, 0, '2026-03-16 13:18:29.926666'),(529, 50, 0, 0, '2026-03-16 13:18:29.926666'),(530, 50, 0, 0, '2026-03-16 13:18:29.926666'),(531, 50, 0, 0, '2026-03-16 13:18:29.926666'),(532, 50, 0, 0, '2026-03-16 13:18:29.926666'),(533, 50, 0, 0, '2026-03-16 13:18:29.926666'),(534, 50, 0, 0, '2026-03-16 13:18:29.926666'),(535, 50, 0, 0, '2026-03-16 13:18:29.926666'),(536, 50, 0, 0, '2026-03-16 13:18:29.926666'),(537, 50, 0, 0, '2026-03-16 13:18:29.926666'),(538, 50, 0, 0, '2026-03-16 13:18:29.926666'),(539, 50, 0, 0, '2026-03-16 13:18:29.926666'),(540, 50, 0, 0, '2026-03-16 13:18:29.926666'),(541, 49, 0, 0, '2026-03-17 08:15:42.997000'),(542, 50, 0, 0, '2026-03-16 13:18:29.926666'),(543, 50, 0, 0, '2026-03-16 13:18:29.926666'),(544, 50, 0, 0, '2026-03-16 13:18:29.926666'),(545, 50, 0, 0, '2026-03-16 13:18:29.926666'),(546, 50, 0, 0, '2026-03-16 13:18:29.926666'),(547, 50, 0, 0, '2026-03-16 13:18:29.926666'),(548, 50, 0, 0, '2026-03-16 13:18:29.926666'),(549, 50, 0, 0, '2026-03-16 13:18:29.926666'),(550, 50, 0, 0, '2026-03-16 13:18:29.926666'),(551, 50, 0, 0, '2026-03-16 13:18:29.926666'),(552, 50, 0, 0, '2026-03-16 13:18:29.926666'),(553, 50, 0, 0, '2026-03-16 13:18:29.926666'),(554, 50, 0, 0, '2026-03-16 13:18:29.926666'),(555, 50, 0, 0, '2026-03-16 13:18:29.926666'),(556, 50, 0, 0, '2026-03-16 13:18:29.926666'),(557, 50, 0, 0, '2026-03-16 13:18:29.926666'),(558, 50, 0, 0, '2026-03-16 13:18:29.926666'),(559, 50, 0, 0, '2026-03-16 13:18:29.926666'),(560, 50, 0, 0, '2026-03-16 13:18:29.926666'),(561, 50, 0, 0, '2026-03-16 13:18:29.926666'),(562, 50, 0, 0, '2026-03-16 13:18:29.926666'),(563, 50, 0, 0, '2026-03-16 13:18:29.926666'),(564, 50, 0, 0, '2026-03-16 13:18:29.926666'),(565, 50, 0, 0, '2026-03-16 13:18:29.926666'),(566, 50, 0, 0, '2026-03-16 13:18:29.926666'),(567, 50, 0, 0, '2026-03-16 13:18:29.926666'),(568, 50, 0, 0, '2026-03-16 13:18:29.926666'),(569, 50, 0, 0, '2026-03-16 13:18:29.926666'),(570, 50, 0, 0, '2026-03-16 13:18:29.926666'),(571, 50, 0, 0, '2026-03-16 13:18:29.926666'),(572, 50, 0, 0, '2026-03-16 13:18:29.926666'),(573, 50, 0, 0, '2026-03-16 13:18:29.926666'),(574, 50, 0, 0, '2026-03-16 13:18:29.926666'),(575, 50, 0, 0, '2026-03-16 13:18:29.926666'),(576, 50, 0, 0, '2026-03-16 13:18:29.926666'),(577, 50, 0, 0, '2026-03-16 13:18:29.926666'),(578, 50, 0, 0, '2026-03-16 13:18:29.926666'),(579, 50, 0, 0, '2026-03-16 13:18:29.926666'),(580, 50, 0, 0, '2026-03-16 13:18:29.926666'),(581, 50, 0, 0, '2026-03-16 13:18:29.926666'),(582, 50, 0, 0, '2026-03-16 13:18:29.926666'),(583, 50, 0, 0, '2026-03-16 13:18:29.926666'),(584, 50, 0, 0, '2026-03-16 13:18:29.926666'),(585, 50, 0, 0, '2026-03-16 13:18:29.926666'),(586, 50, 0, 0, '2026-03-16 13:18:29.926666'),(587, 50, 0, 0, '2026-03-16 13:18:29.926666'),(588, 50, 0, 0, '2026-03-16 13:18:29.926666'),(589, 50, 0, 0, '2026-03-16 13:18:29.926666'),(590, 50, 0, 0, '2026-03-16 13:18:29.926666'),(591, 50, 0, 0, '2026-03-16 13:18:29.926666'),(592, 50, 0, 0, '2026-03-16 13:18:29.926666'),(593, 50, 0, 0, '2026-03-16 13:18:29.926666'),(594, 50, 0, 0, '2026-03-16 13:18:29.926666'),(595, 50, 0, 0, '2026-03-16 13:18:29.926666'),(596, 50, 0, 0, '2026-03-16 13:18:29.926666'),(597, 50, 0, 0, '2026-03-16 13:18:29.926666'),(598, 50, 0, 0, '2026-03-16 13:18:29.926666'),(599, 50, 0, 0, '2026-03-16 13:18:29.926666'),(600, 50, 0, 0, '2026-03-16 13:18:29.926666');
INSERT IGNORE INTO `Inventory` (`VariantId`, `AvailableQuantity`, `ReservedQuantity`, `IncomingQuantity`, `UpdatedAt`) VALUES (601, 50, 0, 0, '2026-03-16 13:18:29.926666'),(602, 50, 0, 0, '2026-03-16 13:18:29.926666'),(603, 50, 0, 0, '2026-03-16 13:18:29.926666'),(604, 50, 0, 0, '2026-03-16 13:18:29.926666'),(605, 50, 0, 0, '2026-03-16 13:18:29.926666'),(606, 50, 0, 0, '2026-03-16 13:18:29.926666'),(607, 50, 0, 0, '2026-03-16 13:18:29.926666'),(608, 50, 0, 0, '2026-03-16 13:18:29.926666'),(609, 50, 0, 0, '2026-03-16 13:18:29.926666'),(610, 50, 0, 0, '2026-03-16 13:18:29.926666'),(611, 50, 0, 0, '2026-03-16 13:18:29.926666'),(612, 50, 0, 0, '2026-03-16 13:18:29.926666'),(613, 50, 0, 0, '2026-03-16 13:18:29.926666'),(614, 50, 0, 0, '2026-03-16 13:18:29.926666'),(615, 50, 0, 0, '2026-03-16 13:18:29.926666'),(616, 50, 0, 0, '2026-03-16 13:18:29.926666'),(617, 50, 0, 0, '2026-03-16 13:18:29.926666'),(618, 50, 0, 0, '2026-03-16 13:18:29.926666'),(619, 50, 0, 0, '2026-03-16 13:18:29.926666'),(620, 50, 0, 0, '2026-03-16 13:18:29.926666'),(621, 50, 0, 0, '2026-03-16 13:18:29.926666'),(622, 50, 0, 0, '2026-03-16 13:18:29.926666'),(623, 50, 0, 0, '2026-03-16 13:18:29.926666'),(624, 50, 0, 0, '2026-03-16 13:18:29.926666'),(625, 50, 0, 0, '2026-03-16 13:18:29.926666'),(626, 50, 0, 0, '2026-03-16 13:18:29.926666'),(627, 50, 0, 0, '2026-03-16 13:18:29.926666'),(628, 50, 0, 0, '2026-03-16 13:18:29.926666'),(629, 50, 0, 0, '2026-03-16 13:18:29.926666'),(630, 50, 0, 0, '2026-03-16 13:18:29.926666'),(631, 50, 0, 0, '2026-03-16 13:18:29.926666'),(632, 50, 0, 0, '2026-03-16 13:18:29.926666'),(633, 50, 0, 0, '2026-03-16 13:18:29.926666'),(634, 50, 0, 0, '2026-03-16 13:18:29.926666'),(635, 50, 0, 0, '2026-03-16 13:18:29.926666'),(636, 50, 0, 0, '2026-03-16 13:18:29.926666'),(637, 50, 0, 0, '2026-03-16 13:18:29.926666'),(638, 50, 0, 0, '2026-03-16 13:18:29.926666'),(639, 50, 0, 0, '2026-03-16 13:18:29.926666'),(640, 50, 0, 0, '2026-03-16 13:18:29.926666'),(641, 50, 0, 0, '2026-03-16 13:18:29.926666'),(642, 50, 0, 0, '2026-03-16 13:18:29.926666'),(643, 50, 0, 0, '2026-03-16 13:18:29.926666'),(644, 50, 0, 0, '2026-03-16 13:18:29.926666'),(645, 50, 0, 0, '2026-03-16 13:18:29.926666'),(646, 50, 0, 0, '2026-03-16 13:18:29.926666'),(647, 50, 0, 0, '2026-03-16 13:18:29.926666'),(648, 50, 0, 0, '2026-03-16 13:18:29.926666'),(649, 50, 0, 0, '2026-03-16 13:18:29.926666'),(650, 50, 0, 0, '2026-03-16 13:18:29.926666'),(651, 50, 0, 0, '2026-03-16 13:18:29.926666'),(652, 50, 0, 0, '2026-03-16 13:18:29.926666'),(653, 50, 0, 0, '2026-03-16 13:18:29.926666'),(654, 50, 0, 0, '2026-03-16 13:18:29.926666'),(655, 50, 0, 0, '2026-03-16 13:18:29.926666'),(656, 50, 0, 0, '2026-03-16 13:18:29.926666'),(657, 50, 0, 0, '2026-03-16 13:18:29.926666'),(658, 50, 0, 0, '2026-03-16 13:18:29.926666'),(659, 50, 0, 0, '2026-03-16 13:18:29.926666'),(660, 50, 0, 0, '2026-03-16 13:18:29.926666'),(661, 50, 0, 0, '2026-03-16 13:18:29.926666'),(662, 50, 0, 0, '2026-03-16 13:18:29.926666'),(663, 50, 0, 0, '2026-03-16 13:18:29.926666'),(664, 50, 0, 0, '2026-03-16 13:18:29.926666'),(665, 50, 0, 0, '2026-03-16 13:18:29.926666'),(666, 50, 0, 0, '2026-03-16 13:18:29.926666'),(667, 50, 0, 0, '2026-03-16 13:18:29.926666'),(668, 50, 0, 0, '2026-03-16 13:18:29.926666'),(669, 50, 0, 0, '2026-03-16 13:18:29.926666'),(670, 50, 0, 0, '2026-03-16 13:18:29.926666'),(671, 50, 0, 0, '2026-03-16 13:18:29.926666'),(672, 50, 0, 0, '2026-03-16 13:18:29.926666'),(673, 50, 0, 0, '2026-03-16 13:18:29.926666'),(674, 50, 0, 0, '2026-03-16 13:18:29.926666'),(675, 50, 0, 0, '2026-03-16 13:18:29.926666'),(676, 50, 0, 0, '2026-03-16 13:18:29.926666'),(677, 50, 0, 0, '2026-03-16 13:18:29.926666'),(678, 50, 0, 0, '2026-03-16 13:18:29.926666'),(679, 50, 0, 0, '2026-03-16 13:18:29.926666'),(680, 50, 0, 0, '2026-03-16 13:18:29.926666'),(681, 50, 0, 0, '2026-03-16 13:18:29.926666'),(682, 50, 0, 0, '2026-03-16 13:18:29.926666'),(683, 50, 0, 0, '2026-03-16 13:18:29.926666'),(684, 50, 0, 0, '2026-03-16 13:18:29.926666'),(685, 50, 0, 0, '2026-03-16 13:18:29.926666'),(686, 50, 0, 0, '2026-03-16 13:18:29.926666'),(687, 50, 0, 0, '2026-03-16 13:18:29.926666'),(688, 50, 0, 0, '2026-03-16 13:18:29.926666'),(689, 50, 0, 0, '2026-03-16 13:18:29.926666'),(690, 50, 0, 0, '2026-03-16 13:18:29.926666'),(691, 50, 0, 0, '2026-03-16 13:18:29.926666'),(692, 50, 0, 0, '2026-03-16 13:18:29.926666'),(693, 50, 0, 0, '2026-03-16 13:18:29.926666'),(694, 50, 0, 0, '2026-03-16 13:18:29.926666'),(695, 50, 0, 0, '2026-03-16 13:18:29.926666'),(696, 50, 0, 0, '2026-03-16 13:18:29.926666'),(697, 50, 0, 0, '2026-03-16 13:18:29.926666'),(698, 50, 0, 0, '2026-03-16 13:18:29.926666'),(699, 50, 0, 0, '2026-03-16 13:18:29.926666'),(700, 50, 0, 0, '2026-03-16 13:18:29.926666'),(701, 50, 0, 0, '2026-03-16 13:18:29.926666'),(702, 50, 0, 0, '2026-03-16 13:18:29.926666'),(703, 50, 0, 0, '2026-03-16 13:18:29.926666'),(704, 50, 0, 0, '2026-03-16 13:18:29.926666'),(705, 50, 0, 0, '2026-03-16 13:18:29.926666'),(706, 50, 0, 0, '2026-03-16 13:18:29.926666'),(707, 50, 0, 0, '2026-03-16 13:18:29.926666'),(708, 50, 0, 0, '2026-03-16 13:18:29.926666'),(709, 50, 0, 0, '2026-03-16 13:18:29.926666'),(710, 50, 0, 0, '2026-03-16 13:18:29.926666'),(711, 50, 0, 0, '2026-03-16 13:18:29.926666'),(712, 50, 0, 0, '2026-03-16 13:18:29.926666'),(713, 50, 0, 0, '2026-03-16 13:18:29.926666'),(714, 50, 0, 0, '2026-03-16 13:18:29.926666'),(715, 50, 0, 0, '2026-03-16 13:18:29.926666'),(716, 50, 0, 0, '2026-03-16 13:18:29.926666'),(717, 50, 0, 0, '2026-03-16 13:18:29.926666'),(718, 50, 0, 0, '2026-03-16 13:18:29.926666'),(719, 50, 0, 0, '2026-03-16 13:18:29.926666'),(720, 50, 0, 0, '2026-03-16 13:18:29.926666'),(721, 50, 0, 0, '2026-03-16 13:18:29.926666'),(722, 50, 0, 0, '2026-03-16 13:18:29.926666'),(723, 50, 0, 0, '2026-03-16 13:18:29.926666'),(724, 50, 0, 0, '2026-03-16 13:18:29.926666'),(725, 50, 0, 0, '2026-03-16 13:18:29.926666'),(726, 50, 0, 0, '2026-03-16 13:18:29.926666'),(727, 50, 0, 0, '2026-03-16 13:18:29.926666'),(728, 50, 0, 0, '2026-03-16 13:18:29.926666'),(729, 50, 0, 0, '2026-03-16 13:18:29.926666'),(730, 50, 0, 0, '2026-03-16 13:18:29.926666'),(731, 50, 0, 0, '2026-03-16 13:18:29.926666'),(732, 50, 0, 0, '2026-03-16 13:18:29.926666'),(733, 50, 0, 0, '2026-03-16 13:18:29.926666'),(734, 50, 0, 0, '2026-03-16 13:18:29.926666'),(735, 50, 0, 0, '2026-03-16 13:18:29.926666'),(736, 50, 0, 0, '2026-03-16 13:18:29.926666'),(737, 50, 0, 0, '2026-03-16 13:18:29.926666'),(738, 50, 0, 0, '2026-03-16 13:18:29.926666'),(739, 50, 0, 0, '2026-03-16 13:18:29.926666'),(740, 50, 0, 0, '2026-03-16 13:18:29.926666'),(741, 50, 0, 0, '2026-03-16 13:18:29.926666'),(742, 49, 0, 0, '2026-04-01 09:02:13.446000'),(743, 50, 0, 0, '2026-03-16 13:18:29.926666'),(744, 50, 0, 0, '2026-03-16 13:18:29.926666'),(745, 50, 0, 0, '2026-03-16 13:18:29.926666'),(746, 50, 0, 0, '2026-03-16 13:18:29.926666'),(747, 50, 0, 0, '2026-03-16 13:18:29.926666'),(748, 50, 0, 0, '2026-03-16 13:18:29.926666'),(749, 50, 0, 0, '2026-03-16 13:18:29.926666'),(750, 50, 0, 0, '2026-03-16 13:18:29.926666'),(751, 50, 0, 0, '2026-03-16 13:18:29.926666'),(752, 50, 0, 0, '2026-03-16 13:18:29.926666'),(753, 50, 0, 0, '2026-03-16 13:18:29.926666'),(754, 50, 0, 0, '2026-03-16 13:18:29.926666'),(755, 50, 0, 0, '2026-03-16 13:18:29.926666'),(756, 50, 0, 0, '2026-03-16 13:18:29.926666'),(757, 50, 0, 0, '2026-04-01 12:53:58.157000'),(758, 50, 0, 0, '2026-03-16 13:18:29.926666'),(759, 50, 0, 0, '2026-03-16 13:18:29.926666'),(760, 50, 0, 0, '2026-03-16 13:18:29.926666'),(761, 50, 0, 0, '2026-03-16 13:18:29.926666'),(762, 50, 0, 0, '2026-03-16 13:18:29.926666'),(763, 50, 0, 0, '2026-03-16 13:18:29.926666'),(764, 50, 0, 0, '2026-03-16 13:18:29.926666'),(765, 50, 0, 0, '2026-03-16 13:18:29.926666'),(766, 50, 0, 0, '2026-03-16 13:18:29.926666'),(767, 50, 0, 0, '2026-03-16 13:18:29.926666'),(768, 50, 0, 0, '2026-03-16 13:18:29.926666'),(769, 50, 0, 0, '2026-03-16 13:18:29.926666'),(770, 50, 0, 0, '2026-03-16 13:18:29.926666'),(771, 50, 0, 0, '2026-03-16 13:18:29.926666'),(772, 50, 0, 0, '2026-03-16 13:18:29.926666'),(773, 50, 0, 0, '2026-03-16 13:18:29.926666'),(774, 50, 0, 0, '2026-03-16 13:18:29.926666'),(775, 50, 0, 0, '2026-03-16 13:18:29.926666'),(776, 50, 0, 0, '2026-03-16 13:18:29.926666'),(777, 50, 0, 0, '2026-03-16 13:18:29.926666'),(778, 50, 0, 0, '2026-03-16 13:18:29.926666'),(779, 50, 0, 0, '2026-03-16 13:18:29.926666'),(780, 50, 0, 0, '2026-03-16 13:18:29.926666'),(781, 50, 0, 0, '2026-03-16 13:18:29.926666'),(782, 50, 0, 0, '2026-03-16 13:18:29.926666'),(783, 50, 0, 0, '2026-03-16 13:18:29.926666'),(784, 50, 0, 0, '2026-03-16 13:18:29.926666'),(785, 50, 0, 0, '2026-03-16 13:18:29.926666'),(786, 50, 0, 0, '2026-03-16 13:18:29.926666'),(787, 50, 0, 0, '2026-03-16 13:18:29.926666'),(788, 50, 0, 0, '2026-03-16 13:18:29.926666'),(789, 50, 0, 0, '2026-03-16 13:18:29.926666'),(790, 50, 0, 0, '2026-03-16 13:18:29.926666'),(791, 50, 0, 0, '2026-03-16 13:18:29.926666'),(792, 50, 0, 0, '2026-03-16 13:18:29.926666'),(793, 50, 0, 0, '2026-03-16 13:18:29.926666'),(794, 50, 0, 0, '2026-03-16 13:18:29.926666'),(795, 50, 0, 0, '2026-03-16 13:18:29.926666'),(796, 50, 0, 0, '2026-03-16 13:18:29.926666'),(797, 50, 0, 0, '2026-03-16 13:18:29.926666'),(798, 50, 0, 0, '2026-03-16 13:18:29.926666'),(799, 50, 0, 0, '2026-03-16 13:18:29.926666'),(800, 50, 0, 0, '2026-03-16 13:18:29.926666');
INSERT IGNORE INTO `Inventory` (`VariantId`, `AvailableQuantity`, `ReservedQuantity`, `IncomingQuantity`, `UpdatedAt`) VALUES (801, 50, 0, 0, '2026-03-16 13:18:29.926666'),(802, 50, 0, 0, '2026-03-16 13:18:29.926666'),(803, 50, 0, 0, '2026-03-16 13:18:29.926666'),(804, 50, 0, 0, '2026-03-16 13:18:29.926666'),(805, 50, 0, 0, '2026-03-16 13:18:29.926666'),(806, 50, 0, 0, '2026-03-16 13:18:29.926666'),(807, 50, 0, 0, '2026-03-16 13:18:29.926666'),(808, 50, 0, 0, '2026-03-16 13:18:29.926666'),(809, 50, 0, 0, '2026-03-16 13:18:29.926666'),(810, 50, 0, 0, '2026-03-16 13:18:29.926666'),(811, 50, 0, 0, '2026-03-16 13:18:29.926666'),(812, 50, 0, 0, '2026-03-16 13:18:29.926666'),(813, 50, 0, 0, '2026-03-16 13:18:29.926666'),(814, 50, 0, 0, '2026-03-16 13:18:29.926666'),(815, 50, 0, 0, '2026-03-16 13:18:29.926666'),(816, 50, 0, 0, '2026-03-16 13:18:29.926666'),(817, 50, 0, 0, '2026-03-16 13:18:29.926666'),(818, 50, 0, 0, '2026-03-16 13:18:29.926666'),(819, 50, 0, 0, '2026-03-16 13:18:29.926666'),(820, 50, 0, 0, '2026-03-16 13:18:29.926666'),(821, 50, 0, 0, '2026-03-16 13:18:29.926666'),(822, 50, 0, 0, '2026-03-16 13:18:29.926666'),(823, 50, 0, 0, '2026-03-16 13:18:29.926666'),(824, 50, 0, 0, '2026-03-16 13:18:29.926666'),(825, 50, 0, 0, '2026-03-16 13:18:29.926666'),(826, 50, 0, 0, '2026-03-16 13:18:29.926666'),(827, 50, 0, 0, '2026-03-16 13:18:29.926666'),(828, 50, 0, 0, '2026-03-16 13:18:29.926666'),(829, 50, 0, 0, '2026-03-16 13:18:29.926666'),(830, 50, 0, 0, '2026-03-16 13:18:29.926666'),(831, 50, 0, 0, '2026-03-16 13:18:29.926666'),(832, 50, 0, 0, '2026-03-16 13:18:29.926666'),(833, 50, 0, 0, '2026-03-16 13:18:29.926666'),(834, 50, 0, 0, '2026-03-16 13:18:29.926666'),(835, 50, 0, 0, '2026-03-16 13:18:29.926666'),(836, 50, 0, 0, '2026-03-16 13:18:29.926666'),(837, 50, 0, 0, '2026-03-16 13:18:29.926666'),(838, 50, 0, 0, '2026-03-16 13:18:29.926666'),(839, 50, 0, 0, '2026-03-16 13:18:29.926666'),(840, 50, 0, 0, '2026-03-16 13:18:29.926666'),(841, 50, 0, 0, '2026-03-16 13:18:29.926666'),(842, 50, 0, 0, '2026-03-16 13:18:29.926666'),(843, 50, 0, 0, '2026-03-16 13:18:29.926666'),(844, 50, 0, 0, '2026-03-16 13:18:29.926666'),(845, 50, 0, 0, '2026-03-16 13:18:29.926666'),(846, 50, 0, 0, '2026-03-16 13:18:29.926666'),(847, 50, 0, 0, '2026-03-16 13:18:29.926666'),(848, 50, 0, 0, '2026-03-16 13:18:29.926666'),(849, 50, 0, 0, '2026-03-16 13:18:29.926666'),(850, 50, 0, 0, '2026-03-16 13:18:29.926666'),(851, 50, 0, 0, '2026-03-16 13:18:29.926666'),(852, 50, 0, 0, '2026-03-16 13:18:29.926666'),(853, 50, 0, 0, '2026-03-16 13:18:29.926666'),(854, 50, 0, 0, '2026-03-16 13:18:29.926666'),(855, 50, 0, 0, '2026-03-16 13:18:29.926666'),(856, 50, 0, 0, '2026-03-16 13:18:29.926666'),(857, 50, 0, 0, '2026-03-16 13:18:29.926666'),(858, 50, 0, 0, '2026-03-16 13:18:29.926666'),(859, 50, 0, 0, '2026-03-16 13:18:29.926666'),(860, 50, 0, 0, '2026-03-16 13:18:29.926666'),(861, 50, 0, 0, '2026-03-16 13:18:29.926666'),(862, 50, 0, 0, '2026-03-16 13:18:29.926666'),(863, 50, 0, 0, '2026-03-16 13:18:29.926666'),(864, 50, 0, 0, '2026-03-16 13:18:29.926666'),(865, 50, 0, 0, '2026-03-16 13:18:29.926666'),(866, 50, 0, 0, '2026-03-16 13:18:29.926666'),(867, 50, 0, 0, '2026-03-16 13:18:29.926666'),(868, 50, 0, 0, '2026-03-16 13:18:29.926666'),(869, 50, 0, 0, '2026-03-16 13:18:29.926666'),(870, 50, 0, 0, '2026-03-16 13:18:29.926666'),(871, 50, 0, 0, '2026-03-16 13:18:29.926666'),(872, 50, 0, 0, '2026-03-16 13:18:29.926666'),(873, 50, 0, 0, '2026-03-16 13:18:29.926666'),(874, 50, 0, 0, '2026-03-16 13:18:29.926666'),(875, 50, 0, 0, '2026-03-16 13:18:29.926666'),(876, 50, 0, 0, '2026-03-16 13:18:29.926666'),(877, 50, 0, 0, '2026-03-16 13:18:29.926666'),(878, 50, 0, 0, '2026-03-16 13:18:29.926666'),(879, 50, 0, 0, '2026-03-16 13:18:29.926666'),(880, 50, 0, 0, '2026-03-16 13:18:29.926666'),(881, 50, 0, 0, '2026-03-16 13:18:29.926666'),(882, 50, 0, 0, '2026-03-16 13:18:29.926666'),(883, 50, 0, 0, '2026-03-16 13:18:29.926666'),(884, 50, 0, 0, '2026-03-16 13:18:29.926666'),(885, 50, 0, 0, '2026-03-16 13:18:29.926666'),(886, 50, 0, 0, '2026-03-16 13:18:29.926666'),(887, 50, 0, 0, '2026-03-16 13:18:29.926666'),(888, 50, 0, 0, '2026-03-16 13:18:29.926666'),(889, 50, 0, 0, '2026-03-16 13:18:29.926666'),(890, 50, 0, 0, '2026-03-16 13:18:29.926666'),(891, 50, 0, 0, '2026-03-16 13:18:29.926666'),(892, 50, 0, 0, '2026-03-16 13:18:29.926666'),(893, 50, 0, 0, '2026-03-16 13:18:29.926666'),(894, 50, 0, 0, '2026-03-16 13:18:29.926666'),(895, 46, 0, 0, '2026-03-31 06:55:50.709000'),(896, 50, 0, 0, '2026-03-16 13:18:29.926666'),(897, 50, 0, 0, '2026-03-16 13:18:29.926666'),(898, 50, 0, 0, '2026-03-16 13:18:29.926666'),(899, 50, 0, 0, '2026-03-16 13:18:29.926666'),(900, 50, 0, 0, '2026-03-16 13:18:29.926666'),(901, 50, 0, 0, '2026-03-16 13:18:29.926666'),(902, 50, 0, 0, '2026-03-16 13:18:29.926666'),(903, 50, 0, 0, '2026-03-16 13:18:29.926666'),(904, 50, 0, 0, '2026-03-16 13:18:29.926666'),(905, 50, 0, 0, '2026-03-16 13:18:29.926666'),(906, 50, 0, 0, '2026-03-16 13:18:29.926666'),(907, 50, 0, 0, '2026-03-16 13:18:29.926666'),(908, 50, 0, 0, '2026-03-16 13:18:29.926666'),(909, 50, 0, 0, '2026-03-16 13:18:29.926666'),(910, 50, 0, 0, '2026-03-16 13:18:29.926666'),(911, 50, 0, 0, '2026-03-16 13:18:29.926666'),(912, 50, 0, 0, '2026-03-16 13:18:29.926666'),(913, 50, 0, 0, '2026-03-16 13:18:29.926666'),(914, 50, 0, 0, '2026-03-16 13:18:29.926666'),(915, 50, 0, 0, '2026-03-16 13:18:29.926666'),(916, 50, 0, 0, '2026-03-16 13:18:29.926666'),(917, 50, 0, 0, '2026-03-16 13:18:29.926666'),(918, 50, 0, 0, '2026-03-16 13:18:29.926666'),(919, 50, 0, 0, '2026-03-16 13:18:29.926666'),(920, 50, 0, 0, '2026-03-16 13:18:29.926666'),(921, 50, 0, 0, '2026-03-16 13:18:29.926666'),(922, 50, 0, 0, '2026-03-16 13:18:29.926666'),(923, 50, 0, 0, '2026-03-16 13:18:29.926666'),(924, 50, 0, 0, '2026-03-16 13:18:29.926666'),(925, 50, 0, 0, '2026-03-16 13:18:29.926666'),(926, 50, 0, 0, '2026-03-16 13:18:29.926666'),(927, 50, 0, 0, '2026-03-16 13:18:29.926666'),(928, 50, 0, 0, '2026-03-16 13:18:29.926666'),(929, 50, 0, 0, '2026-03-16 13:18:29.926666'),(930, 50, 0, 0, '2026-03-16 13:18:29.926666'),(931, 50, 0, 0, '2026-03-16 13:18:29.926666'),(932, 50, 0, 0, '2026-03-16 13:18:29.926666'),(933, 50, 0, 0, '2026-03-16 13:18:29.926666'),(934, 50, 0, 0, '2026-03-16 13:18:29.926666'),(935, 50, 0, 0, '2026-03-16 13:18:29.926666'),(936, 50, 0, 0, '2026-03-16 13:18:29.926666'),(937, 50, 0, 0, '2026-03-16 13:18:29.926666'),(938, 50, 0, 0, '2026-03-16 13:18:29.926666'),(939, 50, 0, 0, '2026-03-16 13:18:29.926666'),(940, 50, 0, 0, '2026-03-16 13:18:29.926666'),(941, 50, 0, 0, '2026-03-16 13:18:29.926666'),(942, 50, 0, 0, '2026-03-16 13:18:29.926666'),(943, 50, 0, 0, '2026-03-16 13:18:29.926666'),(944, 50, 0, 0, '2026-03-16 13:18:29.926666'),(945, 50, 0, 0, '2026-03-16 13:18:29.926666'),(946, 50, 0, 0, '2026-03-16 13:18:29.926666'),(947, 50, 0, 0, '2026-03-16 13:18:29.926666'),(948, 50, 0, 0, '2026-03-16 13:18:29.926666'),(949, 50, 0, 0, '2026-03-16 13:18:29.926666'),(950, 50, 0, 0, '2026-03-16 13:18:29.926666'),(951, 50, 0, 0, '2026-03-16 13:18:29.926666'),(952, 50, 0, 0, '2026-03-16 13:18:29.926666'),(953, 50, 0, 0, '2026-03-16 13:18:29.926666'),(954, 50, 0, 0, '2026-03-16 13:18:29.926666'),(955, 50, 0, 0, '2026-03-16 13:18:29.926666'),(956, 50, 0, 0, '2026-03-16 13:18:29.926666'),(957, 50, 0, 0, '2026-03-16 13:18:29.926666'),(958, 50, 0, 0, '2026-03-16 13:18:29.926666'),(959, 50, 0, 0, '2026-03-16 13:18:29.926666'),(960, 50, 0, 0, '2026-03-16 13:18:29.926666'),(961, 50, 0, 0, '2026-03-16 13:18:29.926666'),(962, 50, 0, 0, '2026-03-16 13:18:29.926666'),(963, 50, 0, 0, '2026-03-16 13:18:29.926666'),(964, 50, 0, 0, '2026-03-16 13:18:29.926666'),(965, 50, 0, 0, '2026-03-16 13:18:29.926666'),(966, 50, 0, 0, '2026-03-16 13:18:29.926666'),(967, 50, 0, 0, '2026-03-16 13:18:29.926666'),(968, 50, 0, 0, '2026-03-16 13:18:29.926666'),(969, 50, 0, 0, '2026-03-16 13:18:29.926666'),(970, 50, 0, 0, '2026-03-16 13:18:29.926666'),(971, 50, 0, 0, '2026-03-16 13:18:29.926666'),(972, 50, 0, 0, '2026-03-16 13:18:29.926666'),(973, 50, 0, 0, '2026-03-16 13:18:29.926666'),(974, 50, 0, 0, '2026-03-16 13:18:29.926666'),(975, 50, 0, 0, '2026-03-16 13:18:29.926666'),(976, 50, 0, 0, '2026-03-16 13:18:29.926666'),(977, 50, 0, 0, '2026-03-16 13:18:29.926666'),(978, 50, 0, 0, '2026-03-16 13:18:29.926666'),(979, 50, 0, 0, '2026-03-16 13:18:29.926666'),(980, 50, 0, 0, '2026-03-16 13:18:29.926666'),(981, 50, 0, 0, '2026-03-16 13:18:29.926666'),(982, 50, 0, 0, '2026-03-16 13:18:29.926666'),(983, 50, 0, 0, '2026-03-16 13:18:29.926666'),(984, 50, 0, 0, '2026-03-16 13:18:29.926666'),(985, 50, 0, 0, '2026-03-16 13:18:29.926666'),(986, 50, 0, 0, '2026-03-16 13:18:29.926666'),(987, 50, 0, 0, '2026-03-16 13:18:29.926666'),(988, 50, 0, 0, '2026-03-16 13:18:29.926666'),(989, 50, 0, 0, '2026-03-16 13:18:29.926666'),(990, 50, 0, 0, '2026-03-16 13:18:29.926666'),(991, 50, 0, 0, '2026-03-16 13:18:29.926666'),(992, 50, 0, 0, '2026-03-16 13:18:29.926666'),(993, 50, 0, 0, '2026-03-16 13:18:29.926666'),(994, 50, 0, 0, '2026-03-16 13:18:29.926666'),(995, 50, 0, 0, '2026-03-16 13:18:29.926666'),(996, 50, 0, 0, '2026-03-16 13:18:29.926666'),(997, 50, 0, 0, '2026-03-16 13:18:29.926666'),(998, 50, 0, 0, '2026-03-16 13:18:29.926666'),(999, 50, 0, 0, '2026-03-16 13:18:29.926666'),(1000, 50, 0, 0, '2026-03-16 13:18:29.926666');
INSERT IGNORE INTO `Inventory` (`VariantId`, `AvailableQuantity`, `ReservedQuantity`, `IncomingQuantity`, `UpdatedAt`) VALUES (1001, 50, 0, 0, '2026-03-16 13:18:29.926666'),(1002, 50, 0, 0, '2026-03-16 13:18:29.926666'),(1003, 50, 0, 0, '2026-03-16 13:18:29.926666'),(1004, 50, 0, 0, '2026-03-16 13:18:29.926666'),(1005, 50, 0, 0, '2026-03-16 13:18:29.926666'),(1006, 50, 0, 0, '2026-03-16 13:18:29.926666'),(1007, 50, 0, 0, '2026-03-16 13:18:29.926666'),(1008, 50, 0, 0, '2026-03-16 13:18:29.926666'),(1009, 50, 0, 0, '2026-03-16 13:18:29.926666'),(1010, 50, 0, 0, '2026-03-16 13:18:29.926666'),(1011, 50, 0, 0, '2026-03-16 13:18:29.926666'),(1012, 10, 0, 0, '2026-03-17 08:43:10.572000'),(1013, 50, 0, 0, '2026-03-16 13:18:29.926666'),(1014, 50, 0, 0, '2026-03-16 13:18:29.926666'),(1015, 50, 0, 0, '2026-03-16 13:18:29.926666'),(1016, 50, 0, 0, '2026-03-16 13:18:29.926666'),(1017, 50, 0, 0, '2026-03-16 13:18:29.926666'),(1018, 50, 0, 0, '2026-03-16 13:18:29.926666'),(1019, 50, 0, 0, '2026-03-16 13:18:29.926666'),(1020, 50, 0, 0, '2026-03-16 13:18:29.926666'),(1021, 50, 0, 0, '2026-03-16 13:18:29.926666'),(1022, 50, 0, 0, '2026-03-16 13:18:29.926666'),(1023, 50, 0, 0, '2026-03-16 13:18:29.926666'),(1024, 50, 0, 0, '2026-03-16 13:18:29.926666'),(1025, 50, 0, 0, '2026-03-16 13:18:29.926666'),(1026, 50, 0, 0, '2026-03-16 13:18:29.926666'),(1027, 50, 0, 0, '2026-03-16 13:18:29.926666'),(1028, 50, 0, 0, '2026-03-16 13:18:29.926666'),(1029, 50, 0, 0, '2026-03-16 13:18:29.926666'),(1030, 50, 0, 0, '2026-03-16 13:18:29.926666'),(1031, 50, 0, 0, '2026-03-16 13:18:29.926666'),(1032, 50, 0, 0, '2026-03-16 13:18:29.926666'),(1033, 50, 0, 0, '2026-03-16 13:18:29.926666'),(1034, 50, 0, 0, '2026-03-16 13:18:29.926666'),(1035, 50, 0, 0, '2026-03-16 13:18:29.926666'),(1036, 50, 0, 0, '2026-03-16 13:18:29.926666'),(1037, 50, 0, 0, '2026-03-16 13:18:29.926666'),(1038, 50, 0, 0, '2026-03-16 13:18:29.926666'),(1039, 50, 0, 0, '2026-03-16 13:18:29.926666'),(1040, 50, 0, 0, '2026-03-16 13:18:29.926666'),(1041, 50, 0, 0, '2026-03-16 13:18:29.926666'),(1042, 50, 0, 0, '2026-03-16 13:18:29.926666'),(1043, 50, 0, 0, '2026-03-16 13:18:29.926666'),(1044, 50, 0, 0, '2026-03-16 13:18:29.926666'),(1045, 50, 0, 0, '2026-03-16 13:18:29.926666'),(1046, 50, 0, 0, '2026-03-16 13:18:29.926666'),(1047, 50, 0, 0, '2026-03-16 13:18:29.926666'),(1048, 43, 0, 0, '2026-04-01 08:12:24.359000'),(1049, 50, 0, 0, '2026-03-16 13:18:29.926666'),(1050, 50, 0, 0, '2026-03-16 13:18:29.926666'),(1051, 50, 0, 0, '2026-03-16 13:18:29.926666'),(1052, 50, 0, 0, '2026-03-16 13:18:29.926666'),(1053, 50, 0, 0, '2026-03-16 13:18:29.926666'),(1054, 50, 0, 0, '2026-03-16 13:18:29.926666'),(1055, 50, 0, 0, '2026-03-16 13:18:29.926666'),(1056, 50, 0, 0, '2026-03-16 13:18:29.926666'),(1057, 50, 0, 0, '2026-03-16 13:18:29.926666'),(1058, 50, 0, 0, '2026-03-16 13:18:29.926666'),(1059, 50, 0, 0, '2026-03-16 13:18:29.926666'),(1060, 50, 0, 0, '2026-03-16 13:18:29.926666'),(1061, 50, 0, 0, '2026-03-16 13:18:29.926666'),(1062, 50, 0, 0, '2026-03-16 13:18:29.926666'),(1063, 50, 0, 0, '2026-03-16 13:18:29.926666'),(1064, 50, 0, 0, '2026-03-16 13:18:29.926666'),(1065, 50, 0, 0, '2026-03-16 13:18:29.926666'),(1066, 50, 0, 0, '2026-03-16 13:18:29.926666'),(1067, 50, 0, 0, '2026-03-16 13:18:29.926666'),(1068, 50, 0, 0, '2026-03-16 13:18:29.926666'),(1069, 50, 0, 0, '2026-03-16 13:18:29.926666'),(1070, 50, 0, 0, '2026-03-16 13:18:29.926666'),(1071, 50, 0, 0, '2026-03-16 13:18:29.926666'),(1072, 50, 0, 0, '2026-03-16 13:18:29.926666'),(1073, 50, 0, 0, '2026-03-16 13:18:29.926666'),(1074, 50, 0, 0, '2026-03-16 13:18:29.926666'),(1075, 50, 0, 0, '2026-03-16 13:18:29.926666'),(1076, 50, 0, 0, '2026-03-16 13:18:29.926666'),(1077, 50, 0, 0, '2026-03-16 13:18:29.926666'),(1078, 50, 0, 0, '2026-03-16 13:18:29.926666'),(1079, 50, 0, 0, '2026-03-16 13:18:29.926666'),(1080, 50, 0, 0, '2026-03-16 13:18:29.926666'),(1081, 50, 0, 0, '2026-03-16 13:18:29.926666'),(1082, 50, 0, 0, '2026-03-16 13:18:29.926666'),(1083, 50, 0, 0, '2026-03-16 13:18:29.926666'),(1084, 50, 0, 0, '2026-03-16 13:18:29.926666'),(1085, 50, 0, 0, '2026-03-16 13:18:29.926666'),(1086, 50, 0, 0, '2026-03-16 13:18:29.926666'),(1087, 50, 0, 0, '2026-03-16 13:18:29.926666'),(1088, 50, 0, 0, '2026-03-16 13:18:29.926666'),(1089, 50, 0, 0, '2026-03-16 13:18:29.926666'),(1090, 50, 0, 0, '2026-03-16 13:18:29.926666'),(1091, 50, 0, 0, '2026-03-16 13:18:29.926666'),(1092, 50, 0, 0, '2026-03-16 13:18:29.926666'),(1093, 50, 0, 0, '2026-03-16 13:18:29.926666'),(1094, 50, 0, 0, '2026-03-16 13:18:29.926666'),(1095, 50, 0, 0, '2026-03-16 13:18:29.926666'),(1096, 50, 0, 0, '2026-03-16 13:18:29.926666'),(1097, 50, 0, 0, '2026-03-16 13:18:29.926666'),(1098, 50, 0, 0, '2026-03-16 13:18:29.926666');

-- StockMovements: 29 row(s)
INSERT IGNORE INTO `StockMovements` (`StockMovementId`, `VariantId`, `Type`, `Quantity`, `ReferenceType`, `ReferenceId`, `Note`, `CreatedBy`, `CreatedAt`) VALUES (1, 895, 'SALE', -1, 'ORDER', 9, 'Placed order #9', 1, '2026-03-16 06:51:33.011000'),(2, 895, 'SALE', -1, 'ORDER', 10, 'Placed order #10', 1, '2026-03-16 08:12:18.899000'),(3, 895, 'SALE', -1, 'ORDER', 11, 'Placed order #11', 1, '2026-03-16 08:17:49.580000'),(4, 1048, 'SALE', -1, 'ORDER', 12, 'Placed order #12', 1, '2026-03-16 08:53:56.274000'),(5, 1048, 'SALE', -1, 'ORDER', 13, 'Placed order #13', 1, '2026-03-16 08:54:38.585000'),(6, 1048, 'SALE', -1, 'ORDER', 14, 'Placed order #14', 1, '2026-03-16 09:00:46.661000'),(7, 1048, 'SALE', -1, 'ORDER', 15, 'Placed order #15', 1, '2026-03-16 09:16:24.591000'),(8, 28, 'SALE', -1, 'ORDER', 16, 'Placed order #16', 1, '2026-03-16 09:25:32.387000'),(9, 28, 'SALE', -1, 'ORDER', 17, 'Placed order #17', 1, '2026-03-16 09:33:30.703000'),(10, 1048, 'SALE', -1, 'ORDER', 18, 'Placed order #18', 1, '2026-03-16 09:43:51.854000'),(11, 28, 'SALE', -1, 'ORDER', 19, 'Placed order #19', 1, '2026-03-16 10:52:57.405000'),(12, 364, 'SALE', -1, 'ORDER', 20, 'Placed order #20', 1, '2026-03-17 06:42:35.684000'),(13, 541, 'SALE', -1, 'ORDER', 21, 'Placed order #21', 1, '2026-03-17 08:15:43.014000'),(14, 40, 'SALE', -2, 'ORDER', 22, 'Placed order #22', 1, '2026-03-17 08:32:34.150000'),(15, 1012, 'SALE', -40, 'ORDER', 23, 'Placed order #23', 1, '2026-03-17 08:43:10.592000'),(16, 211, 'SALE', -1, 'ORDER', 24, 'Placed order #24', 1, '2026-03-18 14:50:33.404000'),(17, 1048, 'SALE', -1, 'ORDER', 25, 'Placed order #25', 1, '2026-03-19 14:58:23.325000'),(18, 340, 'SALE', -1, 'ORDER', 26, 'Placed order #26', 1, '2026-03-25 14:26:12.277000'),(19, 895, 'SALE', -1, 'ORDER', 27, 'Placed order #27', 1, '2026-03-31 06:55:50.730000'),(20, 1048, 'SALE', -1, 'ORDER', 28, 'Placed order #28', 1, '2026-04-01 08:12:24.388000'),(21, 742, 'SALE', -1, 'ORDER', 29, 'Placed order #29', 1, '2026-04-01 09:02:13.466000'),(22, 386, 'SALE', -1, 'ORDER', 30, 'Placed order #30', 1, '2026-04-01 12:44:45.402000'),(23, 757, 'SALE', -1, 'ORDER', 31, 'Placed order #31', 1, '2026-04-01 12:45:14.809000'),(24, 386, 'CANCEL', 1, 'ORDER', 30, 'Cancelled order #30', 1, '2026-04-01 12:53:54.727000'),(25, 757, 'CANCEL', 1, 'ORDER', 31, 'Cancelled order #31', 1, '2026-04-01 12:53:58.165000'),(26, 463, 'SALE', -1, 'ORDER', 32, 'Placed order #32', 1, '2026-04-01 12:54:40.773000'),(27, 463, 'CANCEL', 1, 'ORDER', 32, 'Cancelled order #32', 1, '2026-04-01 18:25:10.343000'),(28, 484, 'SALE', -1, 'ORDER', 33, 'Placed order #33', 1, '2026-04-01 19:06:36.659000'),(29, 484, 'CANCEL', 1, 'ORDER', 33, 'Cancelled order #33', 1, '2026-04-01 19:26:21.441000');

-- ReturnRequestItems: 4 row(s)
INSERT IGNORE INTO `ReturnRequestItems` (`ReturnRequestItemId`, `ReturnRequestId`, `OrderItemId`, `Quantity`, `UnitPrice`, `Reason`, `CreatedAt`, `ReasonText`) VALUES (1, 1, 28, 1, 2041000, 'CHANGED_MIND', '2026-03-31 07:10:51.011000', NULL),(2, 2, 29, 1, 168000, 'WRONG_ITEM', '2026-04-01 08:14:43.895000', NULL),(3, 3, 30, 1, 418000, 'SIZE_ISSUE', '2026-04-01 09:05:20.040000', NULL),(4, 4, 34, 1, 957000, 'PRE_DELIVERY_CANCELLATION', '2026-04-01 19:26:21.353000', 'Cancelled before fulfillment after successful VNPay payment');

-- RefundTransactions: 3 row(s)
INSERT IGNORE INTO `RefundTransactions` (`RefundTransactionId`, `ReturnRequestId`, `Amount`, `Method`, `Status`, `IdempotencyKey`, `TransactionRef`, `ProcessedBy`, `CreatedAt`, `UpdatedAt`) VALUES (1, 2, 168000, 'ORIGINAL_PAYMENT', 'COMPLETED', 'admin-return-2-1775034081590', 'RF-2-1775034081606', 2, '2026-04-01 09:01:21.607000', '2026-04-01 09:01:21.607000'),(2, 3, 418000, 'ORIGINAL_PAYMENT', 'COMPLETED', 'admin-return-3-1775044464609', 'RF-3-1775044464619', 2, '2026-04-01 11:54:24.619000', '2026-04-01 11:54:24.619000'),(3, 4, 957000, 'BANK_TRANSFER', 'COMPLETED', 'bank-refund-4', 'VCB', 2, '2026-04-04 03:55:13.692000', '2026-04-04 03:55:13.692000');

-- RefundPayoutProofs: 1 row(s)
INSERT IGNORE INTO `RefundPayoutProofs` (`RefundPayoutProofId`, `ReturnRequestId`, `RefundTransactionId`, `UploadedBy`, `FileUrl`, `FileName`, `MimeType`, `Note`, `CreatedAt`) VALUES (1, 4, 3, 2, 'https://res.cloudinary.com/drss2k6ku/image/upload/v1775274905/refund-payout-proofs/admin-2/iqyfxuvdbesthrgomzoo.jpg', 'iqyfxuvdbesthrgomzoo.jpg', 'image/jpeg', 'Không hoàn tự động được', '2026-04-04 03:55:13.702000');

-- ReturnRequestAttachments: 3 row(s)
INSERT IGNORE INTO `ReturnRequestAttachments` (`AttachmentId`, `ReturnRequestId`, `FileUrl`, `CreatedAt`, `ReturnRequestItemId`) VALUES (1, 1, 'https://res.cloudinary.com/drss2k6ku/image/upload/v1774941026/orders/return-proof/27/1/wjvwwoq7bw4hb17f84lq.png', '2026-03-31 07:10:51.011000', NULL),(2, 2, 'https://res.cloudinary.com/drss2k6ku/image/upload/v1775031276/orders/return-proof/28/1/xtez2qlauw9rqghr0cx6.png', '2026-04-01 08:14:43.895000', NULL),(3, 3, 'https://res.cloudinary.com/drss2k6ku/image/upload/v1775034317/orders/return-proof/29/1/krnyi7hir1wofcwtoref.png', '2026-04-01 09:05:20.040000', NULL);

-- ReturnRequestStatusLogs: 19 row(s)
INSERT IGNORE INTO `ReturnRequestStatusLogs` (`ReturnRequestStatusLogId`, `ReturnRequestId`, `FromStatus`, `ToStatus`, `ChangedBy`, `Comment`, `CreatedAt`) VALUES (1, 1, NULL, 'PENDING_PAYMENT_CONFIRMATION', 1, 'Customer created return request. Awaiting COD payment confirmation', '2026-03-31 07:10:51.011000'),(2, 1, 'PENDING_PAYMENT_CONFIRMATION', 'REJECTED', 2, 'Không đúng chính sách hoàn hàng', '2026-03-31 08:51:42.360000'),(3, 2, NULL, 'PENDING_ADMIN_REVIEW', 1, 'Customer created return request. Awaiting admin review', '2026-04-01 08:14:43.895000'),(4, 2, 'PENDING_ADMIN_REVIEW', 'APPROVED', 2, 'Approved by support/admin', '2026-04-01 08:43:04.068000'),(5, 2, 'APPROVED', 'IN_RETURN_TRANSIT', 2, 'Return package handed off for transit back to warehouse', '2026-04-01 08:43:08.960000'),(6, 2, 'IN_RETURN_TRANSIT', 'RECEIVED_AND_INSPECTING', 2, 'Warehouse confirmed return package received and inspection started', '2026-04-01 08:43:12.198000'),(7, 2, 'RECEIVED_AND_INSPECTING', 'ACCEPTED_FOR_REFUND', 2, 'Return accepted for refund after receive and inspection', '2026-04-01 09:00:21.232000'),(8, 2, 'ACCEPTED_FOR_REFUND', 'CLOSED', 2, 'Refunded via ORIGINAL_PAYMENT — txn RF-2-1775034081606', '2026-04-01 09:01:21.628000'),(9, 3, NULL, 'PENDING_ADMIN_REVIEW', 1, 'Customer created return request. Awaiting admin review', '2026-04-01 09:05:20.040000'),(10, 3, 'PENDING_ADMIN_REVIEW', 'APPROVED', 2, 'Approved by support/admin', '2026-04-01 09:33:14.814000'),(11, 3, 'APPROVED', 'IN_RETURN_TRANSIT', 2, 'Return package handed off for transit back to warehouse', '2026-04-01 09:33:25.397000'),(12, 3, 'IN_RETURN_TRANSIT', 'RECEIVED_AND_INSPECTING', 2, 'Warehouse confirmed return package received and inspection started', '2026-04-01 09:33:30.266000'),(13, 3, 'RECEIVED_AND_INSPECTING', 'ACCEPTED_FOR_REFUND', 2, 'Return accepted for refund after receive and inspection', '2026-04-01 09:33:34.664000'),(14, 3, 'ACCEPTED_FOR_REFUND', 'CLOSED', 2, 'Refunded via ORIGINAL_PAYMENT — txn RF-3-1775044464619', '2026-04-01 11:54:24.641000'),(15, 4, NULL, 'PENDING_ADMIN_REVIEW', 1, 'Khách hàng hủy đơn và yêu cầu hoàn tiền trước khi xử lý. Lý do: Mua nhầm.', '2026-04-01 19:26:21.353000'),(16, 4, 'PENDING_ADMIN_REVIEW', 'ACCEPTED_FOR_REFUND', 2, 'Approved for refund queue after prepaid cancellation before fulfillment', '2026-04-01 19:27:11.437000'),(17, 4, 'ACCEPTED_FOR_REFUND', 'ACCEPTED_FOR_REFUND', 2, 'Không hoàn tự động được', '2026-04-01 19:27:46.504000'),(18, 4, 'ACCEPTED_FOR_REFUND', 'ACCEPTED_FOR_REFUND', 2, 'Không hoàn tự động được', '2026-04-04 03:55:13.674000'),(19, 4, 'ACCEPTED_FOR_REFUND', 'CLOSED', 2, 'Refund completed via BANK_TRANSFER - txn VCB', '2026-04-04 03:55:13.674000');

-- Roles: 4 row(s)
INSERT IGNORE INTO `Roles` (`RoleId`, `RoleName`) VALUES (3, 'Admin'),(2, 'Customer'),(1, 'Super Admin'),(4, 'Support');

-- UserRoles: 4 row(s)
INSERT IGNORE INTO `UserRoles` (`UserId`, `RoleId`) VALUES (1, 2),(2, 3),(7, 2),(8, 4);

-- Permissions: 18 row(s)
INSERT IGNORE INTO `Permissions` (`PermissionId`, `Code`, `Module`, `Description`) VALUES (1, 'VIEW_REVENUE', 'REVENUE', 'Xem báo cáo doanh thu và phân tích'),(2, 'CREATE_PRODUCT', 'PRODUCT', 'Thêm sản phẩm mới'),(3, 'VIEW_PRODUCT', 'PRODUCT', 'Xem danh sách và chi tiết sản phẩm'),(4, 'VIEW_CUSTOMER', 'CUSTOMER', 'Xem danh sách khách hàng'),(5, 'VIEW_ORDER', 'ORDER', 'Xem danh sách và chi tiết đơn hàng'),(6, 'DELETE_PRODUCT', 'PRODUCT', 'Xóa sản phẩm'),(7, 'EDIT_CUSTOMER', 'CUSTOMER', 'Chỉnh sửa thông tin khách hàng'),(8, 'MANAGE_COUPON', 'COUPON', 'Thêm, sửa, xóa mã giảm giá'),(9, 'EDIT_PRODUCT', 'PRODUCT', 'Sửa thông tin sản phẩm'),(10, 'VIEW_INVENTORY', 'INVENTORY', 'Xem tồn kho và lịch sử nhập kho'),(11, 'EDIT_INVENTORY', 'INVENTORY', 'Cập nhật số lượng tồn kho'),(12, 'EDIT_ORDER', 'ORDER', 'Cập nhật trạng thái đơn hàng'),(13, 'REFUND_BENEFIT_VIEW', 'COUPON', 'Xem danh sách ưu đãi hoàn tiền đã phát hành'),(14, 'RETURN_REFUND_FINANCE_VIEW', 'RETURN', 'Xem chi tiết thông tin tài chính của yêu cầu hoàn tiền'),(15, 'RETURN_REFUND_FINANCE_COMPLETE', 'RETURN', 'Xác nhận hoàn tiền chuyển khoản và tải chứng từ'),(16, 'MANAGE_RETURNS', 'RETURNS', 'Xử lý các bước vận hành của quy trình hoàn trả'),(17, 'VIEW_RETURNS', 'RETURNS', 'Xem danh sách và chi tiết yêu cầu hoàn trả'),(18, 'CUSTOMER_BANK_ACCOUNT_MANAGE', 'CUSTOMER', 'Quản lý tài khoản ngân hàng nhận hoàn tiền của khách hàng');

-- RolePermissions: 19 row(s)
INSERT IGNORE INTO `RolePermissions` (`RoleId`, `PermissionId`) VALUES (1, 1),(1, 2),(1, 3),(1, 4),(1, 5),(1, 6),(1, 7),(1, 8),(1, 9),(1, 10),(1, 11),(1, 12),(4, 3),(4, 4),(4, 5),(4, 10),(4, 11),(4, 12),(4, 17);

-- UserLogins: 4 row(s)
INSERT IGNORE INTO `UserLogins` (`LoginProvider`, `ProviderKey`, `ProviderDisplayName`, `UserId`, `AccessToken`, `RefreshToken`, `TokenExpiry`, `CreatedAt`, `UpdatedAt`) VALUES ('LOCAL', 'local:1', 'Local', 1, NULL, NULL, NULL, '2026-03-13 09:24:00.502000', '2026-04-05 17:04:00.180000'),('LOCAL', 'local:2', 'Local', 2, NULL, '$2b$10$zpDPEfzLRqBiv7Vyr4tSreFM41t/uqMV8IeU4ZjK8QY.CtS2iWs3S', NULL, '2026-03-13 08:19:42.666000', '2026-04-06 04:58:07.210000'),('LOCAL', 'local:7', 'Local', 7, NULL, NULL, NULL, '2026-03-19 07:46:08.627000', '2026-03-19 07:46:12.723000'),('LOCAL', 'local:8', 'Local', 8, NULL, NULL, NULL, '2026-04-05 17:41:40.261000', '2026-04-06 04:05:01.977000');

-- Addresses: 1 row(s)
INSERT IGNORE INTO `Addresses` (`AddressId`, `UserId`, `RecipientName`, `Phone`, `AddressLine`, `City`, `District`, `IsDefault`, `Ward`) VALUES (2, 1, 'Customer Order Demo', '0776959523', '7 Hồ Giáo', 'Tỉnh Quảng Ngãi', 'Huyện Tư Nghĩa', 1, 'Thị trấn Sông Vệ');

-- ChatTelemetryEvents: 37 row(s)
INSERT IGNORE INTO `ChatTelemetryEvents` (`ChatTelemetryEventId`, `Event`, `Page`, `SessionId`, `ProductId`, `MessageLength`, `ConversationLength`, `Target`, `Label`, `Placement`, `HasContextSummary`, `IpAddress`, `UserAgent`, `CreatedAt`) VALUES (1, 'chat_open', 'weather', 'mmpxx0un-qboxh48l', NULL, NULL, 1, NULL, NULL, 'launcher', 0, '127.0.0.1', 'Mozilla/5.0 (Windows NT 10.0; Win64; x64) AppleWebKit/537.36 (KHTML, like Gecko) Chrome/146.0.0.0 Safari/537.36', '2026-03-14 06:29:31.523671'),(2, 'chat_cta_click', 'weather', 'mmpxx0un-qboxh48l', NULL, NULL, 1, '/stylist', 'Mở Stylist', 'initial_actions', 0, '127.0.0.1', 'Mozilla/5.0 (Windows NT 10.0; Win64; x64) AppleWebKit/537.36 (KHTML, like Gecko) Chrome/146.0.0.0 Safari/537.36', '2026-03-14 06:29:31.719194'),(3, 'chat_open', 'home', 'mmpy5c9a-lemtsoni', NULL, NULL, 1, NULL, NULL, 'launcher', 0, '127.0.0.1', 'Mozilla/5.0 (Windows NT 10.0; Win64; x64) AppleWebKit/537.36 (KHTML, like Gecko) Chrome/146.0.0.0 Safari/537.36', '2026-03-14 06:30:32.725552'),(4, 'chat_open', 'home', 'mmpygj5e-ec7cur7v', NULL, NULL, 1, NULL, NULL, 'launcher', 0, '127.0.0.1', 'Mozilla/5.0 (Windows NT 10.0; Win64; x64) AppleWebKit/537.36 (KHTML, like Gecko) Chrome/146.0.0.0 Safari/537.36', '2026-03-14 06:39:16.051049'),(5, 'chat_cta_click', 'home', 'mmpygj5e-ec7cur7v', NULL, NULL, 1, '/support', 'Mở Support', 'initial_actions', 0, '127.0.0.1', 'Mozilla/5.0 (Windows NT 10.0; Win64; x64) AppleWebKit/537.36 (KHTML, like Gecko) Chrome/146.0.0.0 Safari/537.36', '2026-03-14 06:39:18.590479'),(6, 'chat_open', 'home', 'mmpygqac-4ftxy3np', NULL, NULL, 1, NULL, NULL, 'launcher', 0, '127.0.0.1', 'Mozilla/5.0 (Windows NT 10.0; Win64; x64) AppleWebKit/537.36 (KHTML, like Gecko) Chrome/146.0.0.0 Safari/537.36', '2026-03-14 06:39:24.271271'),(7, 'chat_cta_click', 'home', 'mmpygqac-4ftxy3np', NULL, NULL, 1, '/collection', 'Xem bộ sưu tập', 'initial_actions', 0, '127.0.0.1', 'Mozilla/5.0 (Windows NT 10.0; Win64; x64) AppleWebKit/537.36 (KHTML, like Gecko) Chrome/146.0.0.0 Safari/537.36', '2026-03-14 06:39:25.082732'),(8, 'chat_open', 'home', 'mmpysy5l-0plsi4qr', NULL, NULL, 1, NULL, NULL, 'launcher', 0, '127.0.0.1', 'Mozilla/5.0 (Windows NT 10.0; Win64; x64) AppleWebKit/537.36 (KHTML, like Gecko) Chrome/146.0.0.0 Safari/537.36', '2026-03-14 06:48:54.141580'),(9, 'chat_open', 'home', 'mmpyzt5y-s4dkpu85', NULL, NULL, 1, NULL, NULL, 'launcher', 0, '127.0.0.1', 'Mozilla/5.0 (Windows NT 10.0; Win64; x64) AppleWebKit/537.36 (KHTML, like Gecko) Chrome/146.0.0.0 Safari/537.36', '2026-03-14 06:54:15.337909'),(10, 'chat_open', 'home', 'mmpz11w1-9rbf35v2', NULL, NULL, 1, NULL, NULL, 'launcher', 0, '127.0.0.1', 'Mozilla/5.0 (Windows NT 10.0; Win64; x64) AppleWebKit/537.36 (KHTML, like Gecko) Chrome/146.0.0.0 Safari/537.36', '2026-03-14 06:55:14.102020'),(11, 'chat_open', 'home', 'mmq0k34n-kupy0339', NULL, NULL, 1, NULL, NULL, 'launcher', 0, '127.0.0.1', 'Mozilla/5.0 (Windows NT 10.0; Win64; x64) AppleWebKit/537.36 (KHTML, like Gecko) Chrome/146.0.0.0 Safari/537.36', '2026-03-14 07:37:59.608994'),(12, 'chat_send', 'home', 'mmq0k34n-kupy0339', NULL, 20, 2, NULL, NULL, NULL, 0, '127.0.0.1', 'Mozilla/5.0 (Windows NT 10.0; Win64; x64) AppleWebKit/537.36 (KHTML, like Gecko) Chrome/146.0.0.0 Safari/537.36', '2026-03-14 07:38:04.968470'),(13, 'chat_cta_click', 'home', 'mmq0k34n-kupy0339', NULL, NULL, 3, '/collection', 'Xem bộ sưu tập', 'reply_actions', 0, '127.0.0.1', 'Mozilla/5.0 (Windows NT 10.0; Win64; x64) AppleWebKit/537.36 (KHTML, like Gecko) Chrome/146.0.0.0 Safari/537.36', '2026-03-14 07:38:10.087316'),(14, 'chat_open', 'home', 'mmq0kfu5-77euu448', NULL, NULL, 1, NULL, NULL, 'launcher', 0, '127.0.0.1', 'Mozilla/5.0 (Windows NT 10.0; Win64; x64) AppleWebKit/537.36 (KHTML, like Gecko) Chrome/146.0.0.0 Safari/537.36', '2026-03-14 07:38:17.010779'),(15, 'chat_open', 'home', 'mmqdcee5-jlj0cpkp', NULL, NULL, 1, NULL, NULL, 'launcher', 0, '127.0.0.1', 'Mozilla/5.0 (Windows NT 10.0; Win64; x64) AppleWebKit/537.36 (KHTML, like Gecko) Chrome/146.0.0.0 Safari/537.36', '2026-03-14 13:35:56.552406'),(16, 'chat_send', 'home', 'mmqdcee5-jlj0cpkp', NULL, 20, 2, NULL, NULL, NULL, 0, '127.0.0.1', 'Mozilla/5.0 (Windows NT 10.0; Win64; x64) AppleWebKit/537.36 (KHTML, like Gecko) Chrome/146.0.0.0 Safari/537.36', '2026-03-14 13:36:06.314333'),(17, 'chat_cta_click', 'home', 'mmqdcee5-jlj0cpkp', NULL, NULL, 3, '/collection', 'Xem bộ sưu tập', 'reply_actions', 0, '127.0.0.1', 'Mozilla/5.0 (Windows NT 10.0; Win64; x64) AppleWebKit/537.36 (KHTML, like Gecko) Chrome/146.0.0.0 Safari/537.36', '2026-03-14 13:36:11.178137'),(18, 'chat_open', 'home', 'mmrkfzq4-hvkk7kaz', NULL, NULL, 1, NULL, NULL, 'launcher', 0, '127.0.0.1', 'Mozilla/5.0 (Windows NT 10.0; Win64; x64) AppleWebKit/537.36 (KHTML, like Gecko) Chrome/146.0.0.0 Safari/537.36', '2026-03-15 09:42:30.731108'),(19, 'chat_send', 'home', 'mmrkfzq4-hvkk7kaz', NULL, 17, 2, NULL, NULL, NULL, 0, '127.0.0.1', 'Mozilla/5.0 (Windows NT 10.0; Win64; x64) AppleWebKit/537.36 (KHTML, like Gecko) Chrome/146.0.0.0 Safari/537.36', '2026-03-15 09:42:39.632182'),(20, 'chat_cta_click', 'home', 'mmrkfzq4-hvkk7kaz', NULL, NULL, 3, '/collection', 'Xem bộ sưu tập', 'reply_actions', 0, '127.0.0.1', 'Mozilla/5.0 (Windows NT 10.0; Win64; x64) AppleWebKit/537.36 (KHTML, like Gecko) Chrome/146.0.0.0 Safari/537.36', '2026-03-15 09:42:51.657623'),(21, 'chat_open', 'home', 'mmssaefh-ghy98jjh', NULL, NULL, 1, NULL, NULL, 'launcher', 0, '127.0.0.1', 'Mozilla/5.0 (Windows NT 10.0; Win64; x64) AppleWebKit/537.36 (KHTML, like Gecko) Chrome/146.0.0.0 Safari/537.36', '2026-03-16 06:09:50.798832'),(22, 'chat_open', 'product', 'mmucpij0-synsvrix', 96, NULL, 1, NULL, NULL, 'launcher', 0, '127.0.0.1', 'Mozilla/5.0 (Windows NT 10.0; Win64; x64) AppleWebKit/537.36 (KHTML, like Gecko) Chrome/146.0.0.0 Safari/537.36', '2026-03-17 08:29:49.048201'),(23, 'chat_open', 'home', 'mmudl9te-9wmf0ql8', NULL, NULL, 1, NULL, NULL, 'launcher', 0, '127.0.0.1', 'Mozilla/5.0 (Windows NT 10.0; Win64; x64) AppleWebKit/537.36 (KHTML, like Gecko) Chrome/146.0.0.0 Safari/537.36', '2026-03-17 08:53:55.377026'),(24, 'chat_open', 'home', 'mmudl9te-9wmf0ql8', NULL, NULL, 1, NULL, NULL, 'launcher', 0, '127.0.0.1', 'Mozilla/5.0 (Windows NT 10.0; Win64; x64) AppleWebKit/537.36 (KHTML, like Gecko) Chrome/146.0.0.0 Safari/537.36', '2026-03-17 08:54:31.158744'),(25, 'chat_cta_click', 'home', 'mmudl9te-9wmf0ql8', NULL, NULL, 1, '/collection', 'Xem bộ sưu tập', 'initial_actions', 0, '127.0.0.1', 'Mozilla/5.0 (Windows NT 10.0; Win64; x64) AppleWebKit/537.36 (KHTML, like Gecko) Chrome/146.0.0.0 Safari/537.36', '2026-03-17 08:54:33.344635'),(26, 'chat_open', 'home', 'mmudm5gr-pb9na6cy', NULL, NULL, 1, NULL, NULL, 'launcher', 0, '127.0.0.1', 'Mozilla/5.0 (Windows NT 10.0; Win64; x64) AppleWebKit/537.36 (KHTML, like Gecko) Chrome/146.0.0.0 Safari/537.36', '2026-03-17 08:54:36.251676'),(27, 'chat_send', 'home', 'mmudm5gr-pb9na6cy', NULL, 26, 2, NULL, NULL, NULL, 0, '127.0.0.1', 'Mozilla/5.0 (Windows NT 10.0; Win64; x64) AppleWebKit/537.36 (KHTML, like Gecko) Chrome/146.0.0.0 Safari/537.36', '2026-03-17 08:54:45.072415'),(28, 'chat_cta_click', 'home', 'mmudm5gr-pb9na6cy', NULL, NULL, 3, '/collection', 'Xem bộ sưu tập', 'reply_actions', 0, '127.0.0.1', 'Mozilla/5.0 (Windows NT 10.0; Win64; x64) AppleWebKit/537.36 (KHTML, like Gecko) Chrome/146.0.0.0 Safari/537.36', '2026-03-17 08:54:49.844794'),(29, 'chat_open', 'home', 'mmudmw1v-ktflfvxi', NULL, NULL, 1, NULL, NULL, 'launcher', 0, '127.0.0.1', 'Mozilla/5.0 (Windows NT 10.0; Win64; x64) AppleWebKit/537.36 (KHTML, like Gecko) Chrome/146.0.0.0 Safari/537.36', '2026-03-17 08:55:10.667131'),(30, 'chat_send', 'home', 'mmudmw1v-ktflfvxi', NULL, 32, 2, NULL, NULL, NULL, 0, '127.0.0.1', 'Mozilla/5.0 (Windows NT 10.0; Win64; x64) AppleWebKit/537.36 (KHTML, like Gecko) Chrome/146.0.0.0 Safari/537.36', '2026-03-17 08:55:16.393734'),(31, 'chat_cta_click', 'home', 'mmudmw1v-ktflfvxi', NULL, NULL, 3, '/collection', 'Xem bộ sưu tập', 'reply_actions', 0, '127.0.0.1', 'Mozilla/5.0 (Windows NT 10.0; Win64; x64) AppleWebKit/537.36 (KHTML, like Gecko) Chrome/146.0.0.0 Safari/537.36', '2026-03-17 08:55:21.999626'),(32, 'chat_open', 'product', 'mmw5ojk9-e0krtq27', 33, NULL, 1, NULL, NULL, 'launcher', 0, '127.0.0.1', 'Mozilla/5.0 (Windows NT 10.0; Win64; x64) AppleWebKit/537.36 (KHTML, like Gecko) Chrome/146.0.0.0 Safari/537.36', '2026-03-18 14:48:19.244077'),(33, 'chat_cta_click', 'product', 'mmw5ojk9-e0krtq27', 33, NULL, 1, '/stylist', 'Mở tư vấn', 'initial_actions', 0, '127.0.0.1', 'Mozilla/5.0 (Windows NT 10.0; Win64; x64) AppleWebKit/537.36 (KHTML, like Gecko) Chrome/146.0.0.0 Safari/537.36', '2026-03-18 14:48:21.050417'),(34, 'chat_open', 'home', 'mmxnkh8h-ejo32qmn', NULL, NULL, 1, NULL, NULL, 'launcher', 0, '127.0.0.1', 'Mozilla/5.0 (Windows NT 10.0; Win64; x64) AppleWebKit/537.36 (KHTML, like Gecko) Chrome/146.0.0.0 Safari/537.36', '2026-03-19 15:56:41.221492'),(35, 'chat_open', 'product', 'mn348js6-ce32j599', 96, NULL, 1, NULL, NULL, 'launcher', 0, '127.0.0.1', 'Mozilla/5.0 (Windows NT 10.0; Win64; x64) AppleWebKit/537.36 (KHTML, like Gecko) Chrome/146.0.0.0 Safari/537.36', '2026-03-23 11:42:09.684273'),(36, 'chat_open', 'product', 'mn348js6-ce32j599', 96, NULL, 1, NULL, NULL, 'launcher', 0, '127.0.0.1', 'Mozilla/5.0 (Windows NT 10.0; Win64; x64) AppleWebKit/537.36 (KHTML, like Gecko) Chrome/146.0.0.0 Safari/537.36', '2026-03-23 11:42:11.397448'),(37, 'chat_open', 'home', 'mnh4tu6c-nd5uz4uz', NULL, NULL, 1, NULL, NULL, 'launcher', 0, '127.0.0.1', 'Mozilla/5.0 (Windows NT 10.0; Win64; x64) AppleWebKit/537.36 (KHTML, like Gecko) Chrome/146.0.0.0 Safari/537.36', '2026-04-02 07:11:36.729715');

-- Post-import normalization to keep legacy/derived tables aligned after SQL Server -> MySQL conversion.
SET @OLD_SQL_SAFE_UPDATES = @@SQL_SAFE_UPDATES;
SET SQL_SAFE_UPDATES = 0;

-- Keep legacy ProductVariants.StockQuantity aligned with the Inventory snapshot.
UPDATE `ProductVariants` pv
INNER JOIN `Inventory` i ON i.`VariantId` = pv.`VariantId`
SET pv.`StockQuantity` = i.`AvailableQuantity`
WHERE COALESCE(pv.`StockQuantity`, 0) <> COALESCE(i.`AvailableQuantity`, 0);

-- Backfill missing VariantId references from SKU to reduce report drift after import.
UPDATE `OrderItems` oi
INNER JOIN `ProductVariants` pv ON pv.`SKU` = oi.`SKU`
SET oi.`VariantId` = pv.`VariantId`
WHERE oi.`VariantId` IS NULL;

-- Remove orphan cart items when Cart rows were skipped by INSERT IGNORE during import.
DELETE FROM `CartItems`
WHERE `CartItemId` IN (
  SELECT orphan.`CartItemId`
  FROM (
    SELECT ci.`CartItemId`
    FROM `CartItems` ci
    LEFT JOIN `Carts` c ON c.`CartId` = ci.`CartId`
    LEFT JOIN `ProductVariants` pv ON pv.`VariantId` = ci.`VariantId`
    WHERE c.`CartId` IS NULL OR pv.`VariantId` IS NULL
  ) orphan
);

-- Align payment rows with completed refund outcomes imported from return/refund tables.
UPDATE `Payments` p
INNER JOIN `ReturnRequests` rr ON rr.`OrderId` = p.`OrderId`
INNER JOIN `RefundTransactions` rt ON rt.`ReturnRequestId` = rr.`ReturnRequestId` AND rt.`Status` = 'COMPLETED'
SET p.`Status` = 'REFUNDED'
WHERE rr.`RefundStatus` = 'REFUNDED'
  AND p.`Status` <> 'REFUNDED';

-- Backfill manual shipment rows for shipping/delivered orders imported without Shipments.
INSERT INTO `Shipments`
  (`OrderId`, `Carrier`, `TrackingNumber`, `Eta`, `LastKnownLocation`, `CreatedAt`, `UpdatedAt`, `ShippingMode`, `Provider`, `ProviderOrderCode`, `ProviderStatus`, `DeliveryProofImages`, `DeliveryProofReviewed`)
SELECT
  o.`OrderId`,
  'AISTHEA Manual Delivery',
  NULL,
  NULL,
  NULL,
  COALESCE(o.`UpdatedAt`, o.`CreatedAt`),
  COALESCE(o.`UpdatedAt`, o.`CreatedAt`),
  'manual',
  NULL,
  o.`OrderNumber`,
  CASE
    WHEN o.`Status` = 'Delivered' THEN 'DELIVERED'
    WHEN o.`Status` = 'Shipping' THEN 'SHIPPING'
    ELSE NULL
  END,
  '[]',
  0
FROM `Orders` o
LEFT JOIN `Shipments` s ON s.`OrderId` = o.`OrderId`
WHERE s.`OrderId` IS NULL
  AND o.`Status` IN ('Shipping', 'Delivered');

-- Ensure Inventory rows exist for variants referenced by open purchase orders.
INSERT INTO `Inventory` (`VariantId`, `AvailableQuantity`, `ReservedQuantity`, `IncomingQuantity`, `UpdatedAt`)
SELECT
  pv.`VariantId`,
  COALESCE(pv.`StockQuantity`, 0),
  0,
  poagg.`ExpectedIncoming`,
  NOW()
FROM `ProductVariants` pv
INNER JOIN (
  SELECT
    poi.`VariantId`,
    COALESCE(SUM(GREATEST(poi.`OrderedQty` - poi.`ReceivedQty`, 0)), 0) AS `ExpectedIncoming`
  FROM `PurchaseOrderItems` poi
  INNER JOIN `PurchaseOrders` po ON po.`PurchaseOrderId` = poi.`PurchaseOrderId`
  WHERE po.`Status` IN ('PENDING', 'PARTIALLY_RECEIVED')
  GROUP BY poi.`VariantId`
) poagg ON poagg.`VariantId` = pv.`VariantId`
LEFT JOIN `Inventory` i ON i.`VariantId` = pv.`VariantId`
WHERE i.`VariantId` IS NULL;

-- Keep Inventory.IncomingQuantity aligned with outstanding PO balances after import.
UPDATE `Inventory` i
LEFT JOIN (
  SELECT
    poi.`VariantId`,
    COALESCE(SUM(GREATEST(poi.`OrderedQty` - poi.`ReceivedQty`, 0)), 0) AS `ExpectedIncoming`
  FROM `PurchaseOrderItems` poi
  INNER JOIN `PurchaseOrders` po ON po.`PurchaseOrderId` = poi.`PurchaseOrderId`
  WHERE po.`Status` IN ('PENDING', 'PARTIALLY_RECEIVED')
  GROUP BY poi.`VariantId`
) poagg ON poagg.`VariantId` = i.`VariantId`
SET i.`IncomingQuantity` = COALESCE(poagg.`ExpectedIncoming`, 0)
WHERE COALESCE(i.`IncomingQuantity`, 0) <> COALESCE(poagg.`ExpectedIncoming`, 0);

SET SQL_SAFE_UPDATES = @OLD_SQL_SAFE_UPDATES;

SET FOREIGN_KEY_CHECKS = 1;
