VariantId,ProductId,SKU,Price,StockQuantity,IsDefault,IsDeleted
1,1,SKU-1-1,286000,50,0,0
2,1,SKU-1-2,286000,50,0,0
3,1,SKU-1-3,286000,50,0,0
4,1,SKU-1-4,286000,50,0,0
5,1,SKU-1-5,286000,50,0,0
6,1,SKU-1-6,286000,50,0,0
7,1,SKU-1-7,286000,50,0,0
8,1,SKU-1-8,286000,50,0,0
9,1,SKU-1-9,286000,50,0,0
10,1,SKU-1-10,286000,50,0,0
11,1,SKU-1-11,286000,50,0,0
12,1,SKU-1-12,286000,50,0,0
13,2,SKU-2-13,448000,50,0,0
14,2,SKU-2-14,448000,50,0,0
15,2,SKU-2-15,448000,50,0,0
16,3,SKU-3-16,1837000,50,0,0
17,3,SKU-3-17,1837000,50,0,0
18,3,SKU-3-18,1837000,50,0,0
19,3,SKU-3-19,1837000,50,0,0
20,3,SKU-3-20,1837000,50,0,0
21,3,SKU-3-21,1837000,50,0,0
22,3,SKU-3-22,1837000,50,0,0
23,3,SKU-3-23,1837000,50,0,0
24,3,SKU-3-24,1837000,50,0,0
25,3,SKU-3-25,1837000,50,0,0
26,3,SKU-3-26,1837000,50,0,0
27,3,SKU-3-27,1837000,50,0,0
28,4,SKU-4-28,343000,50,0,0
29,4,SKU-4-29,343000,50,0,0
30,4,SKU-4-30,343000,50,0,0
31,4,SKU-4-31,343000,50,0,0
32,4,SKU-4-32,343000,50,0,0
33,4,SKU-4-33,343000,50,0,0
34,4,SKU-4-34,343000,50,0,0
35,4,SKU-4-35,343000,50,0,0
36,4,SKU-4-36,343000,50,0,0
37,4,SKU-4-37,343000,50,0,0
38,4,SKU-4-38,343000,50,0,0
39,4,SKU-4-39,343000,50,0,0
40,5,SKU-5-40,294000,50,0,0
41,5,SKU-5-41,294000,50,0,0
42,5,SKU-5-42,294000,50,0,0
43,5,SKU-5-43,294000,50,0,0
44,5,SKU-5-44,294000,50,0,0
45,5,SKU-5-45,294000,50,0,0
46,5,SKU-5-46,294000,50,0,0
47,5,SKU-5-47,294000,50,0,0
48,5,SKU-5-48,294000,50,0,0
49,5,SKU-5-49,294000,50,0,0
50,5,SKU-5-50,294000,50,0,0
51,5,SKU-5-51,294000,50,0,0
52,6,SKU-6-52,394000,50,0,0
53,6,SKU-6-53,394000,50,0,0
54,6,SKU-6-54,394000,50,0,0
55,6,SKU-6-55,394000,50,0,0
56,6,SKU-6-56,394000,50,0,0
57,6,SKU-6-57,394000,50,0,0
58,6,SKU-6-58,394000,50,0,0
59,6,SKU-6-59,394000,50,0,0
60,6,SKU-6-60,394000,50,0,0
61,6,SKU-6-61,394000,50,0,0
62,6,SKU-6-62,394000,50,0,0
63,6,SKU-6-63,394000,50,0,0
64,7,SKU-7-64,560000,50,0,0
65,7,SKU-7-65,560000,50,0,0
66,7,SKU-7-66,560000,50,0,0
67,7,SKU-7-67,560000,50,0,0
68,7,SKU-7-68,560000,50,0,0
69,7,SKU-7-69,560000,50,0,0
70,7,SKU-7-70,560000,50,0,0
71,7,SKU-7-71,560000,50,0,0
72,7,SKU-7-72,560000,50,0,0
73,7,SKU-7-73,560000,50,0,0
74,7,SKU-7-74,560000,50,0,0
75,7,SKU-7-75,560000,50,0,0
76,8,SKU-8-76,725000,50,0,0
77,8,SKU-8-77,725000,50,0,0
78,8,SKU-8-78,725000,50,0,0
79,8,SKU-8-79,725000,50,0,0
80,8,SKU-8-80,725000,50,0,0
81,8,SKU-8-81,725000,50,0,0
82,8,SKU-8-82,725000,50,0,0
83,8,SKU-8-83,725000,50,0,0
84,8,SKU-8-84,725000,50,0,0
85,8,SKU-8-85,725000,50,0,0
86,8,SKU-8-86,725000,50,0,0
87,8,SKU-8-87,725000,50,0,0
88,9,SKU-9-88,1067000,50,0,0
89,9,SKU-9-89,1067000,50,0,0
90,9,SKU-9-90,1067000,50,0,0
91,9,SKU-9-91,1067000,50,0,0
92,9,SKU-9-92,1067000,50,0,0
93,9,SKU-9-93,1067000,50,0,0
94,9,SKU-9-94,1067000,50,0,0
95,9,SKU-9-95,1067000,50,0,0
96,9,SKU-9-96,1067000,50,0,0
97,9,SKU-9-97,1067000,50,0,0
98,9,SKU-9-98,1067000,50,0,0
99,9,SKU-9-99,1067000,50,0,0
100,9,SKU-9-100,1067000,50,0,0
101,9,SKU-9-101,1067000,50,0,0
102,9,SKU-9-102,1067000,50,0,0
103,9,SKU-9-103,1067000,50,0,0
104,9,SKU-9-104,1067000,50,0,0
105,9,SKU-9-105,1067000,50,0,0
106,9,SKU-9-106,1067000,50,0,0
107,9,SKU-9-107,1067000,50,0,0
108,9,SKU-9-108,1067000,50,0,0
109,10,SKU-10-109,936000,50,0,0
110,10,SKU-10-110,936000,50,0,0
111,10,SKU-10-111,936000,50,0,0
112,10,SKU-10-112,936000,50,0,0
113,10,SKU-10-113,936000,50,0,0
114,10,SKU-10-114,936000,50,0,0
115,10,SKU-10-115,936000,50,0,0
116,10,SKU-10-116,936000,50,0,0
117,10,SKU-10-117,936000,50,0,0
118,10,SKU-10-118,936000,50,0,0
119,10,SKU-10-119,936000,50,0,0
120,10,SKU-10-120,936000,50,0,0
121,11,SKU-11-121,940000,50,0,0
122,11,SKU-11-122,940000,50,0,0
123,11,SKU-11-123,940000,50,0,0
124,11,SKU-11-124,940000,50,0,0
125,11,SKU-11-125,940000,50,0,0
126,11,SKU-11-126,940000,50,0,0
127,11,SKU-11-127,940000,50,0,0
128,11,SKU-11-128,940000,50,0,0
129,11,SKU-11-129,940000,50,0,0
130,11,SKU-11-130,940000,50,0,0
131,11,SKU-11-131,940000,50,0,0
132,11,SKU-11-132,940000,50,0,0
133,12,SKU-12-133,290000,50,0,0
134,12,SKU-12-134,290000,50,0,0
135,12,SKU-12-135,290000,50,0,0
136,12,SKU-12-136,290000,50,0,0
137,12,SKU-12-137,290000,50,0,0
138,12,SKU-12-138,290000,50,0,0
139,12,SKU-12-139,290000,50,0,0
140,12,SKU-12-140,290000,50,0,0
141,12,SKU-12-141,290000,50,0,0
142,12,SKU-12-142,290000,50,0,0
143,12,SKU-12-143,290000,50,0,0
144,12,SKU-12-144,290000,50,0,0
145,13,SKU-13-145,713000,50,0,0
146,13,SKU-13-146,713000,50,0,0
147,13,SKU-13-147,713000,50,0,0
148,13,SKU-13-148,713000,50,0,0
149,13,SKU-13-149,713000,50,0,0
150,13,SKU-13-150,713000,50,0,0
151,13,SKU-13-151,713000,50,0,0
152,13,SKU-13-152,713000,50,0,0
153,13,SKU-13-153,713000,50,0,0
154,13,SKU-13-154,713000,50,0,0
155,13,SKU-13-155,713000,50,0,0
156,13,SKU-13-156,713000,50,0,0
157,14,SKU-14-157,1305000,50,0,0
158,14,SKU-14-158,1305000,50,0,0
159,14,SKU-14-159,1305000,50,0,0
160,14,SKU-14-160,1305000,50,0,0
161,14,SKU-14-161,1305000,50,0,0
162,14,SKU-14-162,1305000,50,0,0
163,14,SKU-14-163,1305000,50,0,0
164,14,SKU-14-164,1305000,50,0,0
165,14,SKU-14-165,1305000,50,0,0
166,15,SKU-15-166,1175000,50,0,0
167,15,SKU-15-167,1175000,50,0,0
168,15,SKU-15-168,1175000,50,0,0
169,15,SKU-15-169,1175000,50,0,0
170,15,SKU-15-170,1175000,50,0,0
171,15,SKU-15-171,1175000,50,0,0
172,15,SKU-15-172,1175000,50,0,0
173,15,SKU-15-173,1175000,50,0,0
174,15,SKU-15-174,1175000,50,0,0
175,15,SKU-15-175,1175000,50,0,0
176,15,SKU-15-176,1175000,50,0,0
177,15,SKU-15-177,1175000,50,0,0
178,16,SKU-16-178,160000,50,0,0
179,16,SKU-16-179,160000,50,0,0
180,16,SKU-16-180,160000,50,0,0
181,16,SKU-16-181,160000,50,0,0
182,16,SKU-16-182,160000,50,0,0
183,16,SKU-16-183,160000,50,0,0
184,16,SKU-16-184,160000,50,0,0
185,16,SKU-16-185,160000,50,0,0
186,16,SKU-16-186,160000,50,0,0
187,16,SKU-16-187,160000,50,0,0
188,16,SKU-16-188,160000,50,0,0
189,16,SKU-16-189,160000,50,0,0
190,17,SKU-17-190,351000,50,0,0
191,17,SKU-17-191,351000,50,0,0
192,17,SKU-17-192,351000,50,0,0
193,17,SKU-17-193,351000,50,0,0
194,17,SKU-17-194,351000,50,0,0
195,17,SKU-17-195,351000,50,0,0
196,17,SKU-17-196,351000,50,0,0
197,17,SKU-17-197,351000,50,0,0
198,17,SKU-17-198,351000,50,0,0
199,18,SKU-18-199,340000,50,0,0
200,18,SKU-18-200,340000,50,0,0
201,18,SKU-18-201,340000,50,0,0
202,18,SKU-18-202,340000,50,0,0
203,18,SKU-18-203,340000,50,0,0
204,18,SKU-18-204,340000,50,0,0
205,18,SKU-18-205,340000,50,0,0
206,18,SKU-18-206,340000,50,0,0
207,18,SKU-18-207,340000,50,0,0
208,18,SKU-18-208,340000,50,0,0
209,18,SKU-18-209,340000,50,0,0
210,18,SKU-18-210,340000,50,0,0
211,19,SKU-19-211,429000,50,0,0
212,19,SKU-19-212,429000,50,0,0
213,19,SKU-19-213,429000,50,0,0
214,19,SKU-19-214,429000,50,0,0
215,19,SKU-19-215,429000,50,0,0
216,19,SKU-19-216,429000,50,0,0
217,19,SKU-19-217,429000,50,0,0
218,19,SKU-19-218,429000,50,0,0
219,19,SKU-19-219,429000,50,0,0
220,19,SKU-19-220,429000,50,0,0
221,19,SKU-19-221,429000,50,0,0
222,19,SKU-19-222,429000,50,0,0
223,20,SKU-20-223,968000,50,0,0
224,20,SKU-20-224,968000,50,0,0
225,20,SKU-20-225,968000,50,0,0
226,20,SKU-20-226,968000,50,0,0
227,20,SKU-20-227,968000,50,0,0
228,20,SKU-20-228,968000,50,0,0
229,20,SKU-20-229,968000,50,0,0
230,20,SKU-20-230,968000,50,0,0
231,20,SKU-20-231,968000,50,0,0
232,20,SKU-20-232,968000,50,0,0
233,20,SKU-20-233,968000,50,0,0
234,20,SKU-20-234,968000,50,0,0
235,21,SKU-21-235,1192000,50,0,0
236,21,SKU-21-236,1192000,50,0,0
237,21,SKU-21-237,1192000,50,0,0
238,21,SKU-21-238,1192000,50,0,0
239,21,SKU-21-239,1192000,50,0,0
240,21,SKU-21-240,1192000,50,0,0
241,21,SKU-21-241,1192000,50,0,0
242,21,SKU-21-242,1192000,50,0,0
243,21,SKU-21-243,1192000,50,0,0
244,21,SKU-21-244,1192000,50,0,0
245,21,SKU-21-245,1192000,50,0,0
246,21,SKU-21-246,1192000,50,0,0
247,22,SKU-22-247,490000,50,0,0
248,22,SKU-22-248,490000,50,0,0
249,22,SKU-22-249,490000,50,0,0
250,22,SKU-22-250,490000,50,0,0
251,22,SKU-22-251,490000,50,0,0
252,22,SKU-22-252,490000,50,0,0
253,22,SKU-22-253,490000,50,0,0
254,22,SKU-22-254,490000,50,0,0
255,22,SKU-22-255,490000,50,0,0
256,22,SKU-22-256,490000,50,0,0
257,22,SKU-22-257,490000,50,0,0
258,22,SKU-22-258,490000,50,0,0
259,23,SKU-23-259,306000,50,0,0
260,23,SKU-23-260,306000,50,0,0
261,23,SKU-23-261,306000,50,0,0
262,23,SKU-23-262,306000,50,0,0
263,23,SKU-23-263,306000,50,0,0
264,23,SKU-23-264,306000,50,0,0
265,23,SKU-23-265,306000,50,0,0
266,23,SKU-23-266,306000,50,0,0
267,23,SKU-23-267,306000,50,0,0
268,23,SKU-23-268,306000,50,0,0
269,23,SKU-23-269,306000,50,0,0
270,23,SKU-23-270,306000,50,0,0
271,24,SKU-24-271,1733000,50,0,0
272,24,SKU-24-272,1733000,50,0,0
273,24,SKU-24-273,1733000,50,0,0
274,24,SKU-24-274,1733000,50,0,0
275,24,SKU-24-275,1733000,50,0,0
276,24,SKU-24-276,1733000,50,0,0
277,24,SKU-24-277,1733000,50,0,0
278,24,SKU-24-278,1733000,50,0,0
279,24,SKU-24-279,1733000,50,0,0
280,25,SKU-25-280,527000,50,0,0
281,25,SKU-25-281,527000,50,0,0
282,25,SKU-25-282,527000,50,0,0
283,25,SKU-25-283,527000,50,0,0
284,25,SKU-25-284,527000,50,0,0
285,25,SKU-25-285,527000,50,0,0
286,25,SKU-25-286,527000,50,0,0
287,25,SKU-25-287,527000,50,0,0
288,25,SKU-25-288,527000,50,0,0
289,25,SKU-25-289,527000,50,0,0
290,25,SKU-25-290,527000,50,0,0
291,25,SKU-25-291,527000,50,0,0
292,26,SKU-26-292,528000,50,0,0
293,26,SKU-26-293,528000,50,0,0
294,26,SKU-26-294,528000,50,0,0
295,26,SKU-26-295,528000,50,0,0
296,26,SKU-26-296,528000,50,0,0
297,26,SKU-26-297,528000,50,0,0
298,26,SKU-26-298,528000,50,0,0
299,26,SKU-26-299,528000,50,0,0
300,26,SKU-26-300,528000,50,0,0
301,26,SKU-26-301,528000,50,0,0
302,26,SKU-26-302,528000,50,0,0
303,26,SKU-26-303,528000,50,0,0
304,27,SKU-27-304,432000,50,0,0
305,27,SKU-27-305,432000,50,0,0
306,27,SKU-27-306,432000,50,0,0
307,28,SKU-28-307,1517000,50,0,0
308,28,SKU-28-308,1517000,50,0,0
309,28,SKU-28-309,1517000,50,0,0
310,28,SKU-28-310,1517000,50,0,0
311,28,SKU-28-311,1517000,50,0,0
312,28,SKU-28-312,1517000,50,0,0
313,28,SKU-28-313,1517000,50,0,0
314,28,SKU-28-314,1517000,50,0,0
315,28,SKU-28-315,1517000,50,0,0
316,28,SKU-28-316,1517000,50,0,0
317,28,SKU-28-317,1517000,50,0,0
318,28,SKU-28-318,1517000,50,0,0
319,29,SKU-29-319,449000,50,0,0
320,29,SKU-29-320,449000,50,0,0
321,29,SKU-29-321,449000,50,0,0
322,29,SKU-29-322,449000,50,0,0
323,29,SKU-29-323,449000,50,0,0
324,29,SKU-29-324,449000,50,0,0
325,29,SKU-29-325,449000,50,0,0
326,29,SKU-29-326,449000,50,0,0
327,29,SKU-29-327,449000,50,0,0
328,29,SKU-29-328,449000,50,0,0
329,29,SKU-29-329,449000,50,0,0
330,29,SKU-29-330,449000,50,0,0
331,30,SKU-30-331,679000,50,0,0
332,30,SKU-30-332,679000,50,0,0
333,30,SKU-30-333,679000,50,0,0
334,30,SKU-30-334,679000,50,0,0
335,30,SKU-30-335,679000,50,0,0
336,30,SKU-30-336,679000,50,0,0
337,30,SKU-30-337,679000,50,0,0
338,30,SKU-30-338,679000,50,0,0
339,30,SKU-30-339,679000,50,0,0
340,31,SKU-31-340,728000,50,0,0
341,31,SKU-31-341,728000,50,0,0
342,31,SKU-31-342,728000,50,0,0
343,31,SKU-31-343,728000,50,0,0
344,31,SKU-31-344,728000,50,0,0
345,31,SKU-31-345,728000,50,0,0
346,31,SKU-31-346,728000,50,0,0
347,31,SKU-31-347,728000,50,0,0
348,31,SKU-31-348,728000,50,0,0
349,31,SKU-31-349,728000,50,0,0
350,31,SKU-31-350,728000,50,0,0
351,31,SKU-31-351,728000,50,0,0
352,32,SKU-32-352,750000,50,0,0
353,32,SKU-32-353,750000,50,0,0
354,32,SKU-32-354,750000,50,0,0
355,32,SKU-32-355,750000,50,0,0
356,32,SKU-32-356,750000,50,0,0
357,32,SKU-32-357,750000,50,0,0
358,32,SKU-32-358,750000,50,0,0
359,32,SKU-32-359,750000,50,0,0
360,32,SKU-32-360,750000,50,0,0
361,32,SKU-32-361,750000,50,0,0
362,32,SKU-32-362,750000,50,0,0
363,32,SKU-32-363,750000,50,0,0
364,33,SKU-33-364,1215000,50,0,0
365,33,SKU-33-365,1215000,50,0,0
366,33,SKU-33-366,1215000,50,0,0
367,33,SKU-33-367,1215000,50,0,0
368,33,SKU-33-368,1215000,50,0,0
369,33,SKU-33-369,1215000,50,0,0
370,33,SKU-33-370,1215000,50,0,0
371,33,SKU-33-371,1215000,50,0,0
372,33,SKU-33-372,1215000,50,0,0
373,33,SKU-33-373,1215000,50,0,0
374,33,SKU-33-374,1215000,50,0,0
375,33,SKU-33-375,1215000,50,0,0
376,34,SKU-34-376,1326000,50,0,0
377,34,SKU-34-377,1326000,50,0,0
378,34,SKU-34-378,1326000,50,0,0
379,34,SKU-34-379,1326000,50,0,0
380,34,SKU-34-380,1326000,50,0,0
381,34,SKU-34-381,1326000,50,0,0
382,34,SKU-34-382,1326000,50,0,0
383,34,SKU-34-383,1326000,50,0,0
384,34,SKU-34-384,1326000,50,0,0
385,34,SKU-34-385,1326000,50,0,0
386,34,SKU-34-386,1326000,50,0,0
387,34,SKU-34-387,1326000,50,0,0
388,34,SKU-34-388,1326000,50,0,0
389,34,SKU-34-389,1326000,50,0,0
390,34,SKU-34-390,1326000,50,0,0
391,34,SKU-34-391,1326000,50,0,0
392,34,SKU-34-392,1326000,50,0,0
393,34,SKU-34-393,1326000,50,0,0
394,34,SKU-34-394,1326000,50,0,0
395,34,SKU-34-395,1326000,50,0,0
396,34,SKU-34-396,1326000,50,0,0
397,35,SKU-35-397,325000,50,0,0
398,35,SKU-35-398,325000,50,0,0
399,35,SKU-35-399,325000,50,0,0
400,35,SKU-35-400,325000,50,0,0
401,35,SKU-35-401,325000,50,0,0
402,35,SKU-35-402,325000,50,0,0
403,35,SKU-35-403,325000,50,0,0
404,35,SKU-35-404,325000,50,0,0
405,35,SKU-35-405,325000,50,0,0
406,35,SKU-35-406,325000,50,0,0
407,35,SKU-35-407,325000,50,0,0
408,35,SKU-35-408,325000,50,0,0
409,36,SKU-36-409,492000,50,0,0
410,36,SKU-36-410,492000,50,0,0
411,36,SKU-36-411,492000,50,0,0
412,36,SKU-36-412,492000,50,0,0
413,36,SKU-36-413,492000,50,0,0
414,36,SKU-36-414,492000,50,0,0
415,36,SKU-36-415,492000,50,0,0
416,36,SKU-36-416,492000,50,0,0
417,36,SKU-36-417,492000,50,0,0
418,36,SKU-36-418,492000,50,0,0
419,36,SKU-36-419,492000,50,0,0
420,36,SKU-36-420,492000,50,0,0
421,37,SKU-37-421,1030000,50,0,0
422,37,SKU-37-422,1030000,50,0,0
423,37,SKU-37-423,1030000,50,0,0
424,37,SKU-37-424,1030000,50,0,0
425,37,SKU-37-425,1030000,50,0,0
426,37,SKU-37-426,1030000,50,0,0
427,37,SKU-37-427,1030000,50,0,0
428,37,SKU-37-428,1030000,50,0,0
429,37,SKU-37-429,1030000,50,0,0
430,37,SKU-37-430,1030000,50,0,0
431,37,SKU-37-431,1030000,50,0,0
432,37,SKU-37-432,1030000,50,0,0
433,38,SKU-38-433,612000,50,0,0
434,38,SKU-38-434,612000,50,0,0
435,38,SKU-38-435,612000,50,0,0
436,39,SKU-39-436,225000,50,0,0
437,39,SKU-39-437,225000,50,0,0
438,39,SKU-39-438,225000,50,0,0
439,40,SKU-40-439,800000,50,0,0
440,40,SKU-40-440,800000,50,0,0
441,40,SKU-40-441,800000,50,0,0
442,40,SKU-40-442,800000,50,0,0
443,40,SKU-40-443,800000,50,0,0
444,40,SKU-40-444,800000,50,0,0
445,40,SKU-40-445,800000,50,0,0
446,40,SKU-40-446,800000,50,0,0
447,40,SKU-40-447,800000,50,0,0
448,40,SKU-40-448,800000,50,0,0
449,40,SKU-40-449,800000,50,0,0
450,40,SKU-40-450,800000,50,0,0
451,41,SKU-41-451,582000,50,0,0
452,41,SKU-41-452,582000,50,0,0
453,41,SKU-41-453,582000,50,0,0
454,41,SKU-41-454,582000,50,0,0
455,41,SKU-41-455,582000,50,0,0
456,41,SKU-41-456,582000,50,0,0
457,41,SKU-41-457,582000,50,0,0
458,41,SKU-41-458,582000,50,0,0
459,41,SKU-41-459,582000,50,0,0
460,41,SKU-41-460,582000,50,0,0
461,41,SKU-41-461,582000,50,0,0
462,41,SKU-41-462,582000,50,0,0
463,42,SKU-42-463,1470000,50,0,0
464,42,SKU-42-464,1470000,50,0,0
465,42,SKU-42-465,1470000,50,0,0
466,42,SKU-42-466,1470000,50,0,0
467,42,SKU-42-467,1470000,50,0,0
468,42,SKU-42-468,1470000,50,0,0
469,42,SKU-42-469,1470000,50,0,0
470,42,SKU-42-470,1470000,50,0,0
471,42,SKU-42-471,1470000,50,0,0
472,42,SKU-42-472,1470000,50,0,0
473,42,SKU-42-473,1470000,50,0,0
474,42,SKU-42-474,1470000,50,0,0
475,42,SKU-42-475,1470000,50,0,0
476,42,SKU-42-476,1470000,50,0,0
477,42,SKU-42-477,1470000,50,0,0
478,42,SKU-42-478,1470000,50,0,0
479,42,SKU-42-479,1470000,50,0,0
480,42,SKU-42-480,1470000,50,0,0
481,42,SKU-42-481,1470000,50,0,0
482,42,SKU-42-482,1470000,50,0,0
483,42,SKU-42-483,1470000,50,0,0
484,43,SKU-43-484,990000,50,0,0
485,43,SKU-43-485,990000,50,0,0
486,43,SKU-43-486,990000,50,0,0
487,43,SKU-43-487,990000,50,0,0
488,43,SKU-43-488,990000,50,0,0
489,43,SKU-43-489,990000,50,0,0
490,43,SKU-43-490,990000,50,0,0
491,43,SKU-43-491,990000,50,0,0
492,43,SKU-43-492,990000,50,0,0
493,43,SKU-43-493,990000,50,0,0
494,43,SKU-43-494,990000,50,0,0
495,43,SKU-43-495,990000,50,0,0
496,43,SKU-43-496,990000,50,0,0
497,43,SKU-43-497,990000,50,0,0
498,43,SKU-43-498,990000,50,0,0
499,43,SKU-43-499,990000,50,0,0
500,43,SKU-43-500,990000,50,0,0
501,43,SKU-43-501,990000,50,0,0
502,43,SKU-43-502,990000,50,0,0
503,43,SKU-43-503,990000,50,0,0
504,43,SKU-43-504,990000,50,0,0
505,44,SKU-44-505,758000,50,0,0
506,44,SKU-44-506,758000,50,0,0
507,44,SKU-44-507,758000,50,0,0
508,44,SKU-44-508,758000,50,0,0
509,44,SKU-44-509,758000,50,0,0
510,44,SKU-44-510,758000,50,0,0
511,44,SKU-44-511,758000,50,0,0
512,44,SKU-44-512,758000,50,0,0
513,44,SKU-44-513,758000,50,0,0
514,44,SKU-44-514,758000,50,0,0
515,44,SKU-44-515,758000,50,0,0
516,44,SKU-44-516,758000,50,0,0
517,45,SKU-45-517,316000,50,0,0
518,45,SKU-45-518,316000,50,0,0
519,45,SKU-45-519,316000,50,0,0
520,45,SKU-45-520,316000,50,0,0
521,45,SKU-45-521,316000,50,0,0
522,45,SKU-45-522,316000,50,0,0
523,45,SKU-45-523,316000,50,0,0
524,45,SKU-45-524,316000,50,0,0
525,45,SKU-45-525,316000,50,0,0
526,45,SKU-45-526,316000,50,0,0
527,45,SKU-45-527,316000,50,0,0
528,45,SKU-45-528,316000,50,0,0
529,46,SKU-46-529,546000,50,0,0
530,46,SKU-46-530,546000,50,0,0
531,46,SKU-46-531,546000,50,0,0
532,46,SKU-46-532,546000,50,0,0
533,46,SKU-46-533,546000,50,0,0
534,46,SKU-46-534,546000,50,0,0
535,46,SKU-46-535,546000,50,0,0
536,46,SKU-46-536,546000,50,0,0
537,46,SKU-46-537,546000,50,0,0
538,46,SKU-46-538,546000,50,0,0
539,46,SKU-46-539,546000,50,0,0
540,46,SKU-46-540,546000,50,0,0
541,47,SKU-47-541,266000,50,0,0
542,47,SKU-47-542,266000,50,0,0
543,47,SKU-47-543,266000,50,0,0
544,47,SKU-47-544,266000,50,0,0
545,47,SKU-47-545,266000,50,0,0
546,47,SKU-47-546,266000,50,0,0
547,47,SKU-47-547,266000,50,0,0
548,47,SKU-47-548,266000,50,0,0
549,47,SKU-47-549,266000,50,0,0
550,47,SKU-47-550,266000,50,0,0
551,47,SKU-47-551,266000,50,0,0
552,47,SKU-47-552,266000,50,0,0
553,48,SKU-48-553,2090000,50,0,0
554,48,SKU-48-554,2090000,50,0,0
555,48,SKU-48-555,2090000,50,0,0
556,48,SKU-48-556,2090000,50,0,0
557,48,SKU-48-557,2090000,50,0,0
558,48,SKU-48-558,2090000,50,0,0
559,48,SKU-48-559,2090000,50,0,0
560,48,SKU-48-560,2090000,50,0,0
561,48,SKU-48-561,2090000,50,0,0
562,49,SKU-49-562,251000,50,0,0
563,49,SKU-49-563,251000,50,0,0
564,49,SKU-49-564,251000,50,0,0
565,49,SKU-49-565,251000,50,0,0
566,49,SKU-49-566,251000,50,0,0
567,49,SKU-49-567,251000,50,0,0
568,49,SKU-49-568,251000,50,0,0
569,49,SKU-49-569,251000,50,0,0
570,49,SKU-49-570,251000,50,0,0
571,49,SKU-49-571,251000,50,0,0
572,49,SKU-49-572,251000,50,0,0
573,49,SKU-49-573,251000,50,0,0
574,50,SKU-50-574,1423000,50,0,0
575,50,SKU-50-575,1423000,50,0,0
576,50,SKU-50-576,1423000,50,0,0
577,50,SKU-50-577,1423000,50,0,0
578,50,SKU-50-578,1423000,50,0,0
579,50,SKU-50-579,1423000,50,0,0
580,50,SKU-50-580,1423000,50,0,0
581,50,SKU-50-581,1423000,50,0,0
582,50,SKU-50-582,1423000,50,0,0
583,50,SKU-50-583,1423000,50,0,0
584,50,SKU-50-584,1423000,50,0,0
585,50,SKU-50-585,1423000,50,0,0
586,51,SKU-51-586,2163000,50,0,0
587,51,SKU-51-587,2163000,50,0,0
588,51,SKU-51-588,2163000,50,0,0
589,51,SKU-51-589,2163000,50,0,0
590,51,SKU-51-590,2163000,50,0,0
591,51,SKU-51-591,2163000,50,0,0
592,51,SKU-51-592,2163000,50,0,0
593,51,SKU-51-593,2163000,50,0,0
594,51,SKU-51-594,2163000,50,0,0
595,52,SKU-52-595,1957000,50,0,0
596,52,SKU-52-596,1957000,50,0,0
597,52,SKU-52-597,1957000,50,0,0
598,52,SKU-52-598,1957000,50,0,0
599,52,SKU-52-599,1957000,50,0,0
600,52,SKU-52-600,1957000,50,0,0
601,52,SKU-52-601,1957000,50,0,0
602,52,SKU-52-602,1957000,50,0,0
603,52,SKU-52-603,1957000,50,0,0
604,53,SKU-53-604,1029000,50,0,0
605,53,SKU-53-605,1029000,50,0,0
606,53,SKU-53-606,1029000,50,0,0
607,53,SKU-53-607,1029000,50,0,0
608,53,SKU-53-608,1029000,50,0,0
609,53,SKU-53-609,1029000,50,0,0
610,53,SKU-53-610,1029000,50,0,0
611,53,SKU-53-611,1029000,50,0,0
612,53,SKU-53-612,1029000,50,0,0
613,53,SKU-53-613,1029000,50,0,0
614,53,SKU-53-614,1029000,50,0,0
615,53,SKU-53-615,1029000,50,0,0
616,54,SKU-54-616,399000,50,0,0
617,54,SKU-54-617,399000,50,0,0
618,54,SKU-54-618,399000,50,0,0
619,54,SKU-54-619,399000,50,0,0
620,54,SKU-54-620,399000,50,0,0
621,54,SKU-54-621,399000,50,0,0
622,54,SKU-54-622,399000,50,0,0
623,54,SKU-54-623,399000,50,0,0
624,54,SKU-54-624,399000,50,0,0
625,54,SKU-54-625,399000,50,0,0
626,54,SKU-54-626,399000,50,0,0
627,54,SKU-54-627,399000,50,0,0
628,55,SKU-55-628,356000,50,0,0
629,55,SKU-55-629,356000,50,0,0
630,55,SKU-55-630,356000,50,0,0
631,55,SKU-55-631,356000,50,0,0
632,55,SKU-55-632,356000,50,0,0
633,55,SKU-55-633,356000,50,0,0
634,55,SKU-55-634,356000,50,0,0
635,55,SKU-55-635,356000,50,0,0
636,55,SKU-55-636,356000,50,0,0
637,55,SKU-55-637,356000,50,0,0
638,55,SKU-55-638,356000,50,0,0
639,55,SKU-55-639,356000,50,0,0
640,56,SKU-56-640,130000,50,0,0
641,56,SKU-56-641,130000,50,0,0
642,56,SKU-56-642,130000,50,0,0
643,57,SKU-57-643,411000,50,0,0
644,57,SKU-57-644,411000,50,0,0
645,57,SKU-57-645,411000,50,0,0
646,58,SKU-58-646,966000,50,0,0
647,58,SKU-58-647,966000,50,0,0
648,58,SKU-58-648,966000,50,0,0
649,58,SKU-58-649,966000,50,0,0
650,58,SKU-58-650,966000,50,0,0
651,58,SKU-58-651,966000,50,0,0
652,58,SKU-58-652,966000,50,0,0
653,58,SKU-58-653,966000,50,0,0
654,58,SKU-58-654,966000,50,0,0
655,58,SKU-58-655,966000,50,0,0
656,58,SKU-58-656,966000,50,0,0
657,58,SKU-58-657,966000,50,0,0
658,59,SKU-59-658,1345000,50,0,0
659,59,SKU-59-659,1345000,50,0,0
660,59,SKU-59-660,1345000,50,0,0
661,59,SKU-59-661,1345000,50,0,0
662,59,SKU-59-662,1345000,50,0,0
663,59,SKU-59-663,1345000,50,0,0
664,59,SKU-59-664,1345000,50,0,0
665,59,SKU-59-665,1345000,50,0,0
666,59,SKU-59-666,1345000,50,0,0
667,59,SKU-59-667,1345000,50,0,0
668,59,SKU-59-668,1345000,50,0,0
669,59,SKU-59-669,1345000,50,0,0
670,59,SKU-59-670,1345000,50,0,0
671,59,SKU-59-671,1345000,50,0,0
672,59,SKU-59-672,1345000,50,0,0
673,59,SKU-59-673,1345000,50,0,0
674,59,SKU-59-674,1345000,50,0,0
675,59,SKU-59-675,1345000,50,0,0
676,59,SKU-59-676,1345000,50,0,0
677,59,SKU-59-677,1345000,50,0,0
678,59,SKU-59-678,1345000,50,0,0
679,60,SKU-60-679,193000,50,0,0
680,60,SKU-60-680,193000,50,0,0
681,60,SKU-60-681,193000,50,0,0
682,60,SKU-60-682,193000,50,0,0
683,60,SKU-60-683,193000,50,0,0
684,60,SKU-60-684,193000,50,0,0
685,60,SKU-60-685,193000,50,0,0
686,60,SKU-60-686,193000,50,0,0
687,60,SKU-60-687,193000,50,0,0
688,60,SKU-60-688,193000,50,0,0
689,60,SKU-60-689,193000,50,0,0
690,60,SKU-60-690,193000,50,0,0
691,61,SKU-61-691,1242000,50,0,0
692,61,SKU-61-692,1242000,50,0,0
693,61,SKU-61-693,1242000,50,0,0
694,61,SKU-61-694,1242000,50,0,0
695,61,SKU-61-695,1242000,50,0,0
696,61,SKU-61-696,1242000,50,0,0
697,61,SKU-61-697,1242000,50,0,0
698,61,SKU-61-698,1242000,50,0,0
699,61,SKU-61-699,1242000,50,0,0
700,61,SKU-61-700,1242000,50,0,0
701,61,SKU-61-701,1242000,50,0,0
702,61,SKU-61-702,1242000,50,0,0
703,61,SKU-61-703,1242000,50,0,0
704,61,SKU-61-704,1242000,50,0,0
705,61,SKU-61-705,1242000,50,0,0
706,61,SKU-61-706,1242000,50,0,0
707,61,SKU-61-707,1242000,50,0,0
708,61,SKU-61-708,1242000,50,0,0
709,61,SKU-61-709,1242000,50,0,0
710,61,SKU-61-710,1242000,50,0,0
711,61,SKU-61-711,1242000,50,0,0
712,62,SKU-62-712,297000,50,0,0
713,62,SKU-62-713,297000,50,0,0
714,62,SKU-62-714,297000,50,0,0
715,62,SKU-62-715,297000,50,0,0
716,62,SKU-62-716,297000,50,0,0
717,62,SKU-62-717,297000,50,0,0
718,62,SKU-62-718,297000,50,0,0
719,62,SKU-62-719,297000,50,0,0
720,62,SKU-62-720,297000,50,0,0
721,62,SKU-62-721,297000,50,0,0
722,62,SKU-62-722,297000,50,0,0
723,62,SKU-62-723,297000,50,0,0
724,63,SKU-63-724,949000,50,0,0
725,63,SKU-63-725,949000,50,0,0
726,63,SKU-63-726,949000,50,0,0
727,64,SKU-64-727,1182000,50,0,0
728,64,SKU-64-728,1182000,50,0,0
729,64,SKU-64-729,1182000,50,0,0
730,64,SKU-64-730,1182000,50,0,0
731,64,SKU-64-731,1182000,50,0,0
732,64,SKU-64-732,1182000,50,0,0
733,64,SKU-64-733,1182000,50,0,0
734,64,SKU-64-734,1182000,50,0,0
735,64,SKU-64-735,1182000,50,0,0
736,64,SKU-64-736,1182000,50,0,0
737,64,SKU-64-737,1182000,50,0,0
738,64,SKU-64-738,1182000,50,0,0
739,65,SKU-65-739,971000,50,0,0
740,65,SKU-65-740,971000,50,0,0
741,65,SKU-65-741,971000,50,0,0
742,66,SKU-66-742,399000,50,0,0
743,66,SKU-66-743,399000,50,0,0
744,66,SKU-66-744,399000,50,0,0
745,66,SKU-66-745,399000,50,0,0
746,66,SKU-66-746,399000,50,0,0
747,66,SKU-66-747,399000,50,0,0
748,66,SKU-66-748,399000,50,0,0
749,66,SKU-66-749,399000,50,0,0
750,66,SKU-66-750,399000,50,0,0
751,66,SKU-66-751,399000,50,0,0
752,66,SKU-66-752,399000,50,0,0
753,66,SKU-66-753,399000,50,0,0
754,67,SKU-67-754,161000,50,0,0
755,67,SKU-67-755,161000,50,0,0
756,67,SKU-67-756,161000,50,0,0
757,68,SKU-68-757,387000,50,0,0
758,68,SKU-68-758,387000,50,0,0
759,68,SKU-68-759,387000,50,0,0
760,68,SKU-68-760,387000,50,0,0
761,68,SKU-68-761,387000,50,0,0
762,68,SKU-68-762,387000,50,0,0
763,68,SKU-68-763,387000,50,0,0
764,68,SKU-68-764,387000,50,0,0
765,68,SKU-68-765,387000,50,0,0
766,68,SKU-68-766,387000,50,0,0
767,68,SKU-68-767,387000,50,0,0
768,68,SKU-68-768,387000,50,0,0
769,69,SKU-69-769,1907000,50,0,0
770,69,SKU-69-770,1907000,50,0,0
771,69,SKU-69-771,1907000,50,0,0
772,69,SKU-69-772,1907000,50,0,0
773,69,SKU-69-773,1907000,50,0,0
774,69,SKU-69-774,1907000,50,0,0
775,69,SKU-69-775,1907000,50,0,0
776,69,SKU-69-776,1907000,50,0,0
777,69,SKU-69-777,1907000,50,0,0
778,69,SKU-69-778,1907000,50,0,0
779,69,SKU-69-779,1907000,50,0,0
780,69,SKU-69-780,1907000,50,0,0
781,69,SKU-69-781,1907000,50,0,0
782,69,SKU-69-782,1907000,50,0,0
783,69,SKU-69-783,1907000,50,0,0
784,69,SKU-69-784,1907000,50,0,0
785,69,SKU-69-785,1907000,50,0,0
786,69,SKU-69-786,1907000,50,0,0
787,69,SKU-69-787,1907000,50,0,0
788,69,SKU-69-788,1907000,50,0,0
789,69,SKU-69-789,1907000,50,0,0
790,70,SKU-70-790,997000,50,0,0
791,70,SKU-70-791,997000,50,0,0
792,70,SKU-70-792,997000,50,0,0
793,70,SKU-70-793,997000,50,0,0
794,70,SKU-70-794,997000,50,0,0
795,70,SKU-70-795,997000,50,0,0
796,70,SKU-70-796,997000,50,0,0
797,70,SKU-70-797,997000,50,0,0
798,70,SKU-70-798,997000,50,0,0
799,70,SKU-70-799,997000,50,0,0
800,70,SKU-70-800,997000,50,0,0
801,70,SKU-70-801,997000,50,0,0
802,71,SKU-71-802,159000,50,0,0
803,71,SKU-71-803,159000,50,0,0
804,71,SKU-71-804,159000,50,0,0
805,72,SKU-72-805,720000,50,0,0
806,72,SKU-72-806,720000,50,0,0
807,72,SKU-72-807,720000,50,0,0
808,72,SKU-72-808,720000,50,0,0
809,72,SKU-72-809,720000,50,0,0
810,72,SKU-72-810,720000,50,0,0
811,72,SKU-72-811,720000,50,0,0
812,72,SKU-72-812,720000,50,0,0
813,72,SKU-72-813,720000,50,0,0
814,72,SKU-72-814,720000,50,0,0
815,72,SKU-72-815,720000,50,0,0
816,72,SKU-72-816,720000,50,0,0
817,73,SKU-73-817,1868000,50,0,0
818,73,SKU-73-818,1868000,50,0,0
819,73,SKU-73-819,1868000,50,0,0
820,73,SKU-73-820,1868000,50,0,0
821,73,SKU-73-821,1868000,50,0,0
822,73,SKU-73-822,1868000,50,0,0
823,73,SKU-73-823,1868000,50,0,0
824,73,SKU-73-824,1868000,50,0,0
825,73,SKU-73-825,1868000,50,0,0
826,74,SKU-74-826,310000,50,0,0
827,74,SKU-74-827,310000,50,0,0
828,74,SKU-74-828,310000,50,0,0
829,74,SKU-74-829,310000,50,0,0
830,74,SKU-74-830,310000,50,0,0
831,74,SKU-74-831,310000,50,0,0
832,74,SKU-74-832,310000,50,0,0
833,74,SKU-74-833,310000,50,0,0
834,74,SKU-74-834,310000,50,0,0
835,74,SKU-74-835,310000,50,0,0
836,74,SKU-74-836,310000,50,0,0
837,74,SKU-74-837,310000,50,0,0
838,75,SKU-75-838,343000,50,0,0
839,75,SKU-75-839,343000,50,0,0
840,75,SKU-75-840,343000,50,0,0
841,75,SKU-75-841,343000,50,0,0
842,75,SKU-75-842,343000,50,0,0
843,75,SKU-75-843,343000,50,0,0
844,75,SKU-75-844,343000,50,0,0
845,75,SKU-75-845,343000,50,0,0
846,75,SKU-75-846,343000,50,0,0
847,75,SKU-75-847,343000,50,0,0
848,75,SKU-75-848,343000,50,0,0
849,75,SKU-75-849,343000,50,0,0
850,76,SKU-76-850,810000,50,0,0
851,76,SKU-76-851,810000,50,0,0
852,76,SKU-76-852,810000,50,0,0
853,76,SKU-76-853,810000,50,0,0
854,76,SKU-76-854,810000,50,0,0
855,76,SKU-76-855,810000,50,0,0
856,76,SKU-76-856,810000,50,0,0
857,76,SKU-76-857,810000,50,0,0
858,76,SKU-76-858,810000,50,0,0
859,76,SKU-76-859,810000,50,0,0
860,76,SKU-76-860,810000,50,0,0
861,76,SKU-76-861,810000,50,0,0
862,77,SKU-77-862,296000,50,0,0
863,77,SKU-77-863,296000,50,0,0
864,77,SKU-77-864,296000,50,0,0
865,78,SKU-78-865,666000,50,0,0
866,78,SKU-78-866,666000,50,0,0
867,78,SKU-78-867,666000,50,0,0
868,79,SKU-79-868,131000,50,0,0
869,79,SKU-79-869,131000,50,0,0
870,79,SKU-79-870,131000,50,0,0
871,80,SKU-80-871,931000,50,0,0
872,80,SKU-80-872,931000,50,0,0
873,80,SKU-80-873,931000,50,0,0
874,80,SKU-80-874,931000,50,0,0
875,80,SKU-80-875,931000,50,0,0
876,80,SKU-80-876,931000,50,0,0
877,80,SKU-80-877,931000,50,0,0
878,80,SKU-80-878,931000,50,0,0
879,80,SKU-80-879,931000,50,0,0
880,80,SKU-80-880,931000,50,0,0
881,80,SKU-80-881,931000,50,0,0
882,80,SKU-80-882,931000,50,0,0
883,81,SKU-81-883,1186000,50,0,0
884,81,SKU-81-884,1186000,50,0,0
885,81,SKU-81-885,1186000,50,0,0
886,81,SKU-81-886,1186000,50,0,0
887,81,SKU-81-887,1186000,50,0,0
888,81,SKU-81-888,1186000,50,0,0
889,81,SKU-81-889,1186000,50,0,0
890,81,SKU-81-890,1186000,50,0,0
891,81,SKU-81-891,1186000,50,0,0
892,81,SKU-81-892,1186000,50,0,0
893,81,SKU-81-893,1186000,50,0,0
894,81,SKU-81-894,1186000,50,0,0
895,82,SKU-82-895,1671000,50,0,0
896,82,SKU-82-896,1671000,50,0,0
897,82,SKU-82-897,1671000,50,0,0
898,82,SKU-82-898,1671000,50,0,0
899,82,SKU-82-899,1671000,50,0,0
900,82,SKU-82-900,1671000,50,0,0
901,82,SKU-82-901,1671000,50,0,0
902,82,SKU-82-902,1671000,50,0,0
903,82,SKU-82-903,1671000,50,0,0
904,82,SKU-82-904,1671000,50,0,0
905,82,SKU-82-905,1671000,50,0,0
906,82,SKU-82-906,1671000,50,0,0
907,83,SKU-83-907,543000,50,0,0
908,83,SKU-83-908,543000,50,0,0
909,83,SKU-83-909,543000,50,0,0
910,83,SKU-83-910,543000,50,0,0
911,83,SKU-83-911,543000,50,0,0
912,83,SKU-83-912,543000,50,0,0
913,83,SKU-83-913,543000,50,0,0
914,83,SKU-83-914,543000,50,0,0
915,83,SKU-83-915,543000,50,0,0
916,83,SKU-83-916,543000,50,0,0
917,83,SKU-83-917,543000,50,0,0
918,83,SKU-83-918,543000,50,0,0
919,84,SKU-84-919,784000,50,0,0
920,84,SKU-84-920,784000,50,0,0
921,84,SKU-84-921,784000,50,0,0
922,84,SKU-84-922,784000,50,0,0
923,84,SKU-84-923,784000,50,0,0
924,84,SKU-84-924,784000,50,0,0
925,84,SKU-84-925,784000,50,0,0
926,84,SKU-84-926,784000,50,0,0
927,84,SKU-84-927,784000,50,0,0
928,84,SKU-84-928,784000,50,0,0
929,84,SKU-84-929,784000,50,0,0
930,84,SKU-84-930,784000,50,0,0
931,85,SKU-85-931,939000,50,0,0
932,85,SKU-85-932,939000,50,0,0
933,85,SKU-85-933,939000,50,0,0
934,86,SKU-86-934,152000,50,0,0
935,86,SKU-86-935,152000,50,0,0
936,86,SKU-86-936,152000,50,0,0
937,86,SKU-86-937,152000,50,0,0
938,86,SKU-86-938,152000,50,0,0
939,86,SKU-86-939,152000,50,0,0
940,86,SKU-86-940,152000,50,0,0
941,86,SKU-86-941,152000,50,0,0
942,86,SKU-86-942,152000,50,0,0
943,86,SKU-86-943,152000,50,0,0
944,86,SKU-86-944,152000,50,0,0
945,86,SKU-86-945,152000,50,0,0
946,87,SKU-87-946,681000,50,0,0
947,87,SKU-87-947,681000,50,0,0
948,87,SKU-87-948,681000,50,0,0
949,87,SKU-87-949,681000,50,0,0
950,87,SKU-87-950,681000,50,0,0
951,87,SKU-87-951,681000,50,0,0
952,87,SKU-87-952,681000,50,0,0
953,87,SKU-87-953,681000,50,0,0
954,87,SKU-87-954,681000,50,0,0
955,87,SKU-87-955,681000,50,0,0
956,87,SKU-87-956,681000,50,0,0
957,87,SKU-87-957,681000,50,0,0
958,88,SKU-88-958,1962000,50,0,0
959,88,SKU-88-959,1962000,50,0,0
960,88,SKU-88-960,1962000,50,0,0
961,88,SKU-88-961,1962000,50,0,0
962,88,SKU-88-962,1962000,50,0,0
963,88,SKU-88-963,1962000,50,0,0
964,88,SKU-88-964,1962000,50,0,0
965,88,SKU-88-965,1962000,50,0,0
966,88,SKU-88-966,1962000,50,0,0
967,89,SKU-89-967,515000,50,0,0
968,89,SKU-89-968,515000,50,0,0
969,89,SKU-89-969,515000,50,0,0
970,89,SKU-89-970,515000,50,0,0
971,89,SKU-89-971,515000,50,0,0
972,89,SKU-89-972,515000,50,0,0
973,89,SKU-89-973,515000,50,0,0
974,89,SKU-89-974,515000,50,0,0
975,89,SKU-89-975,515000,50,0,0
976,89,SKU-89-976,515000,50,0,0
977,89,SKU-89-977,515000,50,0,0
978,89,SKU-89-978,515000,50,0,0
979,90,SKU-90-979,1735000,50,0,0
980,90,SKU-90-980,1735000,50,0,0
981,90,SKU-90-981,1735000,50,0,0
982,90,SKU-90-982,1735000,50,0,0
983,90,SKU-90-983,1735000,50,0,0
984,90,SKU-90-984,1735000,50,0,0
985,90,SKU-90-985,1735000,50,0,0
986,90,SKU-90-986,1735000,50,0,0
987,90,SKU-90-987,1735000,50,0,0
988,91,SKU-91-988,1274000,50,0,0
989,91,SKU-91-989,1274000,50,0,0
990,91,SKU-91-990,1274000,50,0,0
991,91,SKU-91-991,1274000,50,0,0
992,91,SKU-91-992,1274000,50,0,0
993,91,SKU-91-993,1274000,50,0,0
994,91,SKU-91-994,1274000,50,0,0
995,91,SKU-91-995,1274000,50,0,0
996,91,SKU-91-996,1274000,50,0,0
997,91,SKU-91-997,1274000,50,0,0
998,91,SKU-91-998,1274000,50,0,0
999,91,SKU-91-999,1274000,50,0,0
1000,92,SKU-92-1000,237000,50,0,0
1001,92,SKU-92-1001,237000,50,0,0
1002,92,SKU-92-1002,237000,50,0,0
1003,92,SKU-92-1003,237000,50,0,0
1004,92,SKU-92-1004,237000,50,0,0
1005,92,SKU-92-1005,237000,50,0,0
1006,92,SKU-92-1006,237000,50,0,0
1007,92,SKU-92-1007,237000,50,0,0
1008,92,SKU-92-1008,237000,50,0,0
1009,92,SKU-92-1009,237000,50,0,0
1010,92,SKU-92-1010,237000,50,0,0
1011,92,SKU-92-1011,237000,50,0,0
1012,93,SKU-93-1012,344000,50,0,0
1013,93,SKU-93-1013,344000,50,0,0
1014,93,SKU-93-1014,344000,50,0,0
1015,93,SKU-93-1015,344000,50,0,0
1016,93,SKU-93-1016,344000,50,0,0
1017,93,SKU-93-1017,344000,50,0,0
1018,93,SKU-93-1018,344000,50,0,0
1019,93,SKU-93-1019,344000,50,0,0
1020,93,SKU-93-1020,344000,50,0,0
1021,93,SKU-93-1021,344000,50,0,0
1022,93,SKU-93-1022,344000,50,0,0
1023,93,SKU-93-1023,344000,50,0,0
1024,94,SKU-94-1024,176000,50,0,0
1025,94,SKU-94-1025,176000,50,0,0
1026,94,SKU-94-1026,176000,50,0,0
1027,95,SKU-95-1027,1736000,50,0,0
1028,95,SKU-95-1028,1736000,50,0,0
1029,95,SKU-95-1029,1736000,50,0,0
1030,95,SKU-95-1030,1736000,50,0,0
1031,95,SKU-95-1031,1736000,50,0,0
1032,95,SKU-95-1032,1736000,50,0,0
1033,95,SKU-95-1033,1736000,50,0,0
1034,95,SKU-95-1034,1736000,50,0,0
1035,95,SKU-95-1035,1736000,50,0,0
1036,95,SKU-95-1036,1736000,50,0,0
1037,95,SKU-95-1037,1736000,50,0,0
1038,95,SKU-95-1038,1736000,50,0,0
1039,95,SKU-95-1039,1736000,50,0,0
1040,95,SKU-95-1040,1736000,50,0,0
1041,95,SKU-95-1041,1736000,50,0,0
1042,95,SKU-95-1042,1736000,50,0,0
1043,95,SKU-95-1043,1736000,50,0,0
1044,95,SKU-95-1044,1736000,50,0,0
1045,95,SKU-95-1045,1736000,50,0,0
1046,95,SKU-95-1046,1736000,50,0,0
1047,95,SKU-95-1047,1736000,50,0,0
1048,96,SKU-96-1048,200000,50,0,0
1049,96,SKU-96-1049,200000,50,0,0
1050,96,SKU-96-1050,200000,50,0,0
1051,96,SKU-96-1051,200000,50,0,0
1052,96,SKU-96-1052,200000,50,0,0
1053,96,SKU-96-1053,200000,50,0,0
1054,96,SKU-96-1054,200000,50,0,0
1055,96,SKU-96-1055,200000,50,0,0
1056,96,SKU-96-1056,200000,50,0,0
1057,96,SKU-96-1057,200000,50,0,0
1058,96,SKU-96-1058,200000,50,0,0
1059,96,SKU-96-1059,200000,50,0,0
1060,97,SKU-97-1060,1655000,50,0,0
1061,97,SKU-97-1061,1655000,50,0,0
1062,97,SKU-97-1062,1655000,50,0,0
1063,97,SKU-97-1063,1655000,50,0,0
1064,97,SKU-97-1064,1655000,50,0,0
1065,97,SKU-97-1065,1655000,50,0,0
1066,97,SKU-97-1066,1655000,50,0,0
1067,97,SKU-97-1067,1655000,50,0,0
1068,97,SKU-97-1068,1655000,50,0,0
1069,97,SKU-97-1069,1655000,50,0,0
1070,97,SKU-97-1070,1655000,50,0,0
1071,97,SKU-97-1071,1655000,50,0,0
1072,97,SKU-97-1072,1655000,50,0,0
1073,97,SKU-97-1073,1655000,50,0,0
1074,97,SKU-97-1074,1655000,50,0,0
1075,97,SKU-97-1075,1655000,50,0,0
1076,97,SKU-97-1076,1655000,50,0,0
1077,97,SKU-97-1077,1655000,50,0,0
1078,97,SKU-97-1078,1655000,50,0,0
1079,97,SKU-97-1079,1655000,50,0,0
1080,97,SKU-97-1080,1655000,50,0,0
1081,98,SKU-98-1081,206000,50,0,0
1082,98,SKU-98-1082,206000,50,0,0
1083,98,SKU-98-1083,206000,50,0,0
1084,99,SKU-99-1084,289000,50,0,0
1085,99,SKU-99-1085,289000,50,0,0
1086,99,SKU-99-1086,289000,50,0,0
1087,99,SKU-99-1087,289000,50,0,0
1088,99,SKU-99-1088,289000,50,0,0
1089,99,SKU-99-1089,289000,50,0,0
1090,99,SKU-99-1090,289000,50,0,0
1091,99,SKU-99-1091,289000,50,0,0
1092,99,SKU-99-1092,289000,50,0,0
1093,99,SKU-99-1093,289000,50,0,0
1094,99,SKU-99-1094,289000,50,0,0
1095,99,SKU-99-1095,289000,50,0,0
1096,100,SKU-100-1096,520000,50,0,0
1097,100,SKU-100-1097,520000,50,0,0
1098,100,SKU-100-1098,520000,50,0,0
